Component Type,Component Name,File Path
Concise Arrow Function Component,ErrorView,C:\Users\Francesco\PycharmProjects\FSS Software Evolution\FSS Software Evolution\react\compiler\crates\react_hermes_parser\tests\fixtures\arrow-function-expr-gating-test.js
Function Component,NoForget,C:\Users\Francesco\PycharmProjects\FSS Software Evolution\FSS Software Evolution\react\compiler\crates\react_hermes_parser\tests\fixtures\codegen-instrument-forget-gating-test.js
Function Component,NoForget,C:\Users\Francesco\PycharmProjects\FSS Software Evolution\FSS Software Evolution\react\compiler\crates\react_hermes_parser\tests\fixtures\codegen-instrument-forget-test.js
Arrow Function Component,getJSX,C:\Users\Francesco\PycharmProjects\FSS Software Evolution\FSS Software Evolution\react\compiler\crates\react_hermes_parser\tests\fixtures\const-propagation-into-function-expression-global.js
Function Component,Component,C:\Users\Francesco\PycharmProjects\FSS Software Evolution\FSS Software Evolution\react\compiler\crates\react_hermes_parser\tests\fixtures\error.invalid-pass-hook-as-prop.js
Concise Arrow Function Component,ErrorView,C:\Users\Francesco\PycharmProjects\FSS Software Evolution\FSS Software Evolution\react\compiler\crates\react_hermes_parser\tests\fixtures\error._todo.multi-arrow-expr-export-default-gating-test.js
Function Component,NoForget,C:\Users\Francesco\PycharmProjects\FSS Software Evolution\FSS Software Evolution\react\compiler\crates\react_hermes_parser\tests\fixtures\gating-test-export-default-function.js
Function Component,NoForget,C:\Users\Francesco\PycharmProjects\FSS Software Evolution\FSS Software Evolution\react\compiler\crates\react_hermes_parser\tests\fixtures\gating-test-export-function-and-default.js
Function Component,NoForget,C:\Users\Francesco\PycharmProjects\FSS Software Evolution\FSS Software Evolution\react\compiler\crates\react_hermes_parser\tests\fixtures\gating-test-export-function.js
Function Component,NoForget,C:\Users\Francesco\PycharmProjects\FSS Software Evolution\FSS Software Evolution\react\compiler\crates\react_hermes_parser\tests\fixtures\gating-test.js
Function Component,Component,C:\Users\Francesco\PycharmProjects\FSS Software Evolution\FSS Software Evolution\react\compiler\crates\react_hermes_parser\tests\fixtures\jsx-namespaced-name.js
Concise Arrow Function Component,ErrorView,C:\Users\Francesco\PycharmProjects\FSS Software Evolution\FSS Software Evolution\react\compiler\crates\react_hermes_parser\tests\fixtures\multi-arrow-expr-export-gating-test.js
Concise Arrow Function Component,ErrorView,C:\Users\Francesco\PycharmProjects\FSS Software Evolution\FSS Software Evolution\react\compiler\crates\react_hermes_parser\tests\fixtures\multi-arrow-expr-gating-test.js
Class Component,ClassComponentWithFeatureFlag,C:\Users\Francesco\PycharmProjects\FSS Software Evolution\FSS Software Evolution\react\compiler\packages\babel-plugin-react-compiler\scripts\eslint-plugin-react-hooks-test-cases.js
Class Component,ClassComponentWithHook,C:\Users\Francesco\PycharmProjects\FSS Software Evolution\FSS Software Evolution\react\compiler\packages\babel-plugin-react-compiler\scripts\eslint-plugin-react-hooks-test-cases.js
Concise Arrow Function Component,getDiv,C:\Users\Francesco\PycharmProjects\FSS Software Evolution\FSS Software Evolution\react\compiler\packages\babel-plugin-react-compiler\src\__tests__\e2e\constant-prop.e2e.js
Concise Arrow Function Component,getDiv,C:\Users\Francesco\PycharmProjects\FSS Software Evolution\FSS Software Evolution\react\compiler\packages\babel-plugin-react-compiler\src\__tests__\e2e\constant-prop.e2e.js
Concise Arrow Function Component,ErrorView,C:\Users\Francesco\PycharmProjects\FSS Software Evolution\FSS Software Evolution\react\compiler\packages\babel-plugin-react-compiler\src\__tests__\fixtures\compiler\arrow-function-expr-gating-test.js
Function Component,NoForget,C:\Users\Francesco\PycharmProjects\FSS Software Evolution\FSS Software Evolution\react\compiler\packages\babel-plugin-react-compiler\src\__tests__\fixtures\compiler\codegen-instrument-forget-gating-test.js
Function Component,NoForget,C:\Users\Francesco\PycharmProjects\FSS Software Evolution\FSS Software Evolution\react\compiler\packages\babel-plugin-react-compiler\src\__tests__\fixtures\compiler\codegen-instrument-forget-test.js
Arrow Function Component,getJSX,C:\Users\Francesco\PycharmProjects\FSS Software Evolution\FSS Software Evolution\react\compiler\packages\babel-plugin-react-compiler\src\__tests__\fixtures\compiler\const-propagation-into-function-expression-global.js
Function Component,Foo_withRef,C:\Users\Francesco\PycharmProjects\FSS Software Evolution\FSS Software Evolution\react\compiler\packages\babel-plugin-react-compiler\src\__tests__\fixtures\compiler\error.gating-hoisting.js
Function Component,Component,C:\Users\Francesco\PycharmProjects\FSS Software Evolution\FSS Software Evolution\react\compiler\packages\babel-plugin-react-compiler\src\__tests__\fixtures\compiler\error.invalid-pass-hook-as-prop.js
Function Component,Component,C:\Users\Francesco\PycharmProjects\FSS Software Evolution\FSS Software Evolution\react\compiler\packages\babel-plugin-react-compiler\src\__tests__\fixtures\compiler\error.invalid-type-provider-hooklike-module-default-not-hook.js
Function Component,Component,C:\Users\Francesco\PycharmProjects\FSS Software Evolution\FSS Software Evolution\react\compiler\packages\babel-plugin-react-compiler\src\__tests__\fixtures\compiler\error.invalid-type-provider-nonhook-name-typed-as-hook.js
Function Component,Haunted,C:\Users\Francesco\PycharmProjects\FSS Software Evolution\FSS Software Evolution\react\compiler\packages\babel-plugin-react-compiler\src\__tests__\fixtures\compiler\error.invalid-unclosed-eslint-suppression.js
Concise Arrow Function Component,renderIcon,C:\Users\Francesco\PycharmProjects\FSS Software Evolution\FSS Software Evolution\react\compiler\packages\babel-plugin-react-compiler\src\__tests__\fixtures\compiler\error.mutate-function-property.js
Function Component,Component,C:\Users\Francesco\PycharmProjects\FSS Software Evolution\FSS Software Evolution\react\compiler\packages\babel-plugin-react-compiler\src\__tests__\fixtures\compiler\error.todo-hoisted-function-in-unreachable-code.js
Function Component,NoForget,C:\Users\Francesco\PycharmProjects\FSS Software Evolution\FSS Software Evolution\react\compiler\packages\babel-plugin-react-compiler\src\__tests__\fixtures\compiler\gating-test-export-default-function.js
Function Component,NoForget,C:\Users\Francesco\PycharmProjects\FSS Software Evolution\FSS Software Evolution\react\compiler\packages\babel-plugin-react-compiler\src\__tests__\fixtures\compiler\gating-test-export-function-and-default.js
Function Component,NoForget,C:\Users\Francesco\PycharmProjects\FSS Software Evolution\FSS Software Evolution\react\compiler\packages\babel-plugin-react-compiler\src\__tests__\fixtures\compiler\gating-test-export-function.js
Function Component,NoForget,C:\Users\Francesco\PycharmProjects\FSS Software Evolution\FSS Software Evolution\react\compiler\packages\babel-plugin-react-compiler\src\__tests__\fixtures\compiler\gating-test.js
Function Component,Component,C:\Users\Francesco\PycharmProjects\FSS Software Evolution\FSS Software Evolution\react\compiler\packages\babel-plugin-react-compiler\src\__tests__\fixtures\compiler\infer-dont-compile-components-with-multiple-params.js
Function Component,ComponentName,C:\Users\Francesco\PycharmProjects\FSS Software Evolution\FSS Software Evolution\react\compiler\packages\babel-plugin-react-compiler\src\__tests__\fixtures\compiler\infer-function-expression-component.js
Function Component,notNamedLikeAComponent,C:\Users\Francesco\PycharmProjects\FSS Software Evolution\FSS Software Evolution\react\compiler\packages\babel-plugin-react-compiler\src\__tests__\fixtures\compiler\infer-function-expression-React-memo-gating.js
Function Component,Component,C:\Users\Francesco\PycharmProjects\FSS Software Evolution\FSS Software Evolution\react\compiler\packages\babel-plugin-react-compiler\src\__tests__\fixtures\compiler\infer-functions-component-with-jsx.js
Function Component,Foo,C:\Users\Francesco\PycharmProjects\FSS Software Evolution\FSS Software Evolution\react\compiler\packages\babel-plugin-react-compiler\src\__tests__\fixtures\compiler\infer-functions-component-with-ref-arg.js
Function Component,useDiv,C:\Users\Francesco\PycharmProjects\FSS Software Evolution\FSS Software Evolution\react\compiler\packages\babel-plugin-react-compiler\src\__tests__\fixtures\compiler\infer-functions-hook-with-jsx.js
Function Component,helper,C:\Users\Francesco\PycharmProjects\FSS Software Evolution\FSS Software Evolution\react\compiler\packages\babel-plugin-react-compiler\src\__tests__\fixtures\compiler\infer-no-component-nested-jsx.js
Function Component,Parent,C:\Users\Francesco\PycharmProjects\FSS Software Evolution\FSS Software Evolution\react\compiler\packages\babel-plugin-react-compiler\src\__tests__\fixtures\compiler\inline-jsx-transform.js
Arrow Function Component,render,C:\Users\Francesco\PycharmProjects\FSS Software Evolution\FSS Software Evolution\react\compiler\packages\babel-plugin-react-compiler\src\__tests__\fixtures\compiler\inline-jsx-transform.js
Function Component,Bar,C:\Users\Francesco\PycharmProjects\FSS Software Evolution\FSS Software Evolution\react\compiler\packages\babel-plugin-react-compiler\src\__tests__\fixtures\compiler\jsx-attribute-with-jsx-element-value.js
Function Component,Item,C:\Users\Francesco\PycharmProjects\FSS Software Evolution\FSS Software Evolution\react\compiler\packages\babel-plugin-react-compiler\src\__tests__\fixtures\compiler\jsx-attribute-with-jsx-element-value.js
Function Component,Foo,C:\Users\Francesco\PycharmProjects\FSS Software Evolution\FSS Software Evolution\react\compiler\packages\babel-plugin-react-compiler\src\__tests__\fixtures\compiler\jsx-attribute-with-jsx-fragment-value.flow.js
Function Component,Component,C:\Users\Francesco\PycharmProjects\FSS Software Evolution\FSS Software Evolution\react\compiler\packages\babel-plugin-react-compiler\src\__tests__\fixtures\compiler\jsx-html-entity.js
Arrow Function Component,callback,C:\Users\Francesco\PycharmProjects\FSS Software Evolution\FSS Software Evolution\react\compiler\packages\babel-plugin-react-compiler\src\__tests__\fixtures\compiler\jsx-local-tag-in-lambda.js
Arrow Function Component,callback,C:\Users\Francesco\PycharmProjects\FSS Software Evolution\FSS Software Evolution\react\compiler\packages\babel-plugin-react-compiler\src\__tests__\fixtures\compiler\jsx-memberexpr-tag-in-lambda.js
Function Component,Component,C:\Users\Francesco\PycharmProjects\FSS Software Evolution\FSS Software Evolution\react\compiler\packages\babel-plugin-react-compiler\src\__tests__\fixtures\compiler\jsx-namespaced-name.js
Function Component,Text,C:\Users\Francesco\PycharmProjects\FSS Software Evolution\FSS Software Evolution\react\compiler\packages\babel-plugin-react-compiler\src\__tests__\fixtures\compiler\jsx-string-attribute-expression-container.js
Concise Arrow Function Component,ErrorView,C:\Users\Francesco\PycharmProjects\FSS Software Evolution\FSS Software Evolution\react\compiler\packages\babel-plugin-react-compiler\src\__tests__\fixtures\compiler\multi-arrow-expr-export-default-gating-test.js
Concise Arrow Function Component,ErrorView,C:\Users\Francesco\PycharmProjects\FSS Software Evolution\FSS Software Evolution\react\compiler\packages\babel-plugin-react-compiler\src\__tests__\fixtures\compiler\multi-arrow-expr-export-gating-test.js
Concise Arrow Function Component,ErrorView,C:\Users\Francesco\PycharmProjects\FSS Software Evolution\FSS Software Evolution\react\compiler\packages\babel-plugin-react-compiler\src\__tests__\fixtures\compiler\multi-arrow-expr-gating-test.js
Function Component,ValidComponent,C:\Users\Francesco\PycharmProjects\FSS Software Evolution\FSS Software Evolution\react\compiler\packages\babel-plugin-react-compiler\src\__tests__\fixtures\compiler\multiple-components-first-is-invalid.js
Function Component,Component,C:\Users\Francesco\PycharmProjects\FSS Software Evolution\FSS Software Evolution\react\compiler\packages\babel-plugin-react-compiler\src\__tests__\fixtures\compiler\outlining-in-react-memo.js
Function Component,Foo,C:\Users\Francesco\PycharmProjects\FSS Software Evolution\FSS Software Evolution\react\compiler\packages\babel-plugin-react-compiler\src\__tests__\fixtures\compiler\preserve-jsxtext-stringliteral-distinction.js
Function Component,Component,C:\Users\Francesco\PycharmProjects\FSS Software Evolution\FSS Software Evolution\react\compiler\packages\babel-plugin-react-compiler\src\__tests__\fixtures\compiler\quoted-strings-in-jsx-attribute-escaped.js
Function Component,Component,C:\Users\Francesco\PycharmProjects\FSS Software Evolution\FSS Software Evolution\react\compiler\packages\babel-plugin-react-compiler\src\__tests__\fixtures\compiler\quoted-strings-in-jsx-attribute.js
Function Component,Component,C:\Users\Francesco\PycharmProjects\FSS Software Evolution\FSS Software Evolution\react\compiler\packages\babel-plugin-react-compiler\src\__tests__\fixtures\compiler\target-flag.js
Function Component,ValidComponent1,C:\Users\Francesco\PycharmProjects\FSS Software Evolution\FSS Software Evolution\react\compiler\packages\babel-plugin-react-compiler\src\__tests__\fixtures\compiler\unclosed-eslint-suppression-skips-all-components.js
Function Component,ValidComponent2,C:\Users\Francesco\PycharmProjects\FSS Software Evolution\FSS Software Evolution\react\compiler\packages\babel-plugin-react-compiler\src\__tests__\fixtures\compiler\unclosed-eslint-suppression-skips-all-components.js
Class Component,ClassComponentWithHook,C:\Users\Francesco\PycharmProjects\FSS Software Evolution\FSS Software Evolution\react\compiler\packages\babel-plugin-react-compiler\src\__tests__\fixtures\compiler\rules-of-hooks\todo.invalid.invalid-rules-of-hooks-8303403b8e4c.js
Class Component,ClassComponentWithFeatureFlag,C:\Users\Francesco\PycharmProjects\FSS Software Evolution\FSS Software Evolution\react\compiler\packages\babel-plugin-react-compiler\src\__tests__\fixtures\compiler\rules-of-hooks\todo.invalid.invalid-rules-of-hooks-99b5c750d1d1.js
Class Component,VectorWidget,C:\Users\Francesco\PycharmProjects\FSS Software Evolution\FSS Software Evolution\react\fixtures\art\VectorWidget.js
Class Component,Result,C:\Users\Francesco\PycharmProjects\FSS Software Evolution\FSS Software Evolution\react\fixtures\attribute-behavior\src\App.js
Class Component,App,C:\Users\Francesco\PycharmProjects\FSS Software Evolution\FSS Software Evolution\react\fixtures\attribute-behavior\src\App.js
Class Component,Suspending,C:\Users\Francesco\PycharmProjects\FSS Software Evolution\FSS Software Evolution\react\fixtures\devtools\regression\shared.js
Class Component,ProfilerChild,C:\Users\Francesco\PycharmProjects\FSS Software Evolution\FSS Software Evolution\react\fixtures\devtools\regression\shared.js
Class Component,StrictModeChild,C:\Users\Francesco\PycharmProjects\FSS Software Evolution\FSS Software Evolution\react\fixtures\devtools\regression\shared.js
Class Component,SimpleApp,C:\Users\Francesco\PycharmProjects\FSS Software Evolution\FSS Software Evolution\react\fixtures\devtools\regression\shared.js
Function Component,LabelComponent,C:\Users\Francesco\PycharmProjects\FSS Software Evolution\FSS Software Evolution\react\fixtures\devtools\regression\shared.js
Function Component,named,C:\Users\Francesco\PycharmProjects\FSS Software Evolution\FSS Software Evolution\react\fixtures\devtools\regression\shared.js
Function Component,Even,C:\Users\Francesco\PycharmProjects\FSS Software Evolution\FSS Software Evolution\react\fixtures\devtools\regression\shared.js
Class Component,App,C:\Users\Francesco\PycharmProjects\FSS Software Evolution\FSS Software Evolution\react\fixtures\dom\src\components\App.js
Class Component,Fixture,C:\Users\Francesco\PycharmProjects\FSS Software Evolution\FSS Software Evolution\react\fixtures\dom\src\components\Fixture.js
Class Component,FixtureSet,C:\Users\Francesco\PycharmProjects\FSS Software Evolution\FSS Software Evolution\react\fixtures\dom\src\components\FixtureSet.js
Class Component,Header,C:\Users\Francesco\PycharmProjects\FSS Software Evolution\FSS Software Evolution\react\fixtures\dom\src\components\Header.js
Class Component,IframePortal,C:\Users\Francesco\PycharmProjects\FSS Software Evolution\FSS Software Evolution\react\fixtures\dom\src\components\Iframe.js
Class Component,IframeSubtree,C:\Users\Francesco\PycharmProjects\FSS Software Evolution\FSS Software Evolution\react\fixtures\dom\src\components\Iframe.js
Class Component,TestCase,C:\Users\Francesco\PycharmProjects\FSS Software Evolution\FSS Software Evolution\react\fixtures\dom\src\components\TestCase.js
Class Component,VersionPicker,C:\Users\Francesco\PycharmProjects\FSS Software Evolution\FSS Software Evolution\react\fixtures\dom\src\components\VersionPicker.js
Class Component,FixturesPage,C:\Users\Francesco\PycharmProjects\FSS Software Evolution\FSS Software Evolution\react\fixtures\dom\src\components\fixtures\index.js
Class Component,ButtonTestCases,C:\Users\Francesco\PycharmProjects\FSS Software Evolution\FSS Software Evolution\react\fixtures\dom\src\components\fixtures\buttons\index.js
Class Component,HelloWorld,C:\Users\Francesco\PycharmProjects\FSS Software Evolution\FSS Software Evolution\react\fixtures\dom\src\components\fixtures\custom-elements\index.js
Class Component,ButtonTestCases,C:\Users\Francesco\PycharmProjects\FSS Software Evolution\FSS Software Evolution\react\fixtures\dom\src\components\fixtures\custom-elements\index.js
Class Component,DateInputFixtures,C:\Users\Francesco\PycharmProjects\FSS Software Evolution\FSS Software Evolution\react\fixtures\dom\src\components\fixtures\date-inputs\index.js
Class Component,SwitchDateTestCase,C:\Users\Francesco\PycharmProjects\FSS Software Evolution\FSS Software Evolution\react\fixtures\dom\src\components\fixtures\date-inputs\switch-date-test-case.js
Class Component,EmailDisabledAttributesTestCase,C:\Users\Francesco\PycharmProjects\FSS Software Evolution\FSS Software Evolution\react\fixtures\dom\src\components\fixtures\email-inputs\EmailDisabledAttributesTestCase.js
Class Component,EmailAttributesTestCase,C:\Users\Francesco\PycharmProjects\FSS Software Evolution\FSS Software Evolution\react\fixtures\dom\src\components\fixtures\email-inputs\EmailEnabledAttributesTestCase.js
Class Component,JumpingCursorTestCase,C:\Users\Francesco\PycharmProjects\FSS Software Evolution\FSS Software Evolution\react\fixtures\dom\src\components\fixtures\email-inputs\JumpingCursorTestCase.js
Class Component,BadDidMount,C:\Users\Francesco\PycharmProjects\FSS Software Evolution\FSS Software Evolution\react\fixtures\dom\src\components\fixtures\error-handling\index.js
Class Component,ErrorBoundary,C:\Users\Francesco\PycharmProjects\FSS Software Evolution\FSS Software Evolution\react\fixtures\dom\src\components\fixtures\error-handling\index.js
Class Component,Example,C:\Users\Francesco\PycharmProjects\FSS Software Evolution\FSS Software Evolution\react\fixtures\dom\src\components\fixtures\error-handling\index.js
Class Component,TriggerErrorAndCatch,C:\Users\Francesco\PycharmProjects\FSS Software Evolution\FSS Software Evolution\react\fixtures\dom\src\components\fixtures\error-handling\index.js
Class Component,SilenceErrors,C:\Users\Francesco\PycharmProjects\FSS Software Evolution\FSS Software Evolution\react\fixtures\dom\src\components\fixtures\error-handling\index.js
Class Component,GetEventTypeDuringUpdate,C:\Users\Francesco\PycharmProjects\FSS Software Evolution\FSS Software Evolution\react\fixtures\dom\src\components\fixtures\error-handling\index.js
Class Component,SilenceRecoverableError,C:\Users\Francesco\PycharmProjects\FSS Software Evolution\FSS Software Evolution\react\fixtures\dom\src\components\fixtures\error-handling\index.js
Class Component,TrySilenceFatalError,C:\Users\Francesco\PycharmProjects\FSS Software Evolution\FSS Software Evolution\react\fixtures\dom\src\components\fixtures\error-handling\index.js
Class Component,ErrorHandlingTestCases,C:\Users\Francesco\PycharmProjects\FSS Software Evolution\FSS Software Evolution\react\fixtures\dom\src\components\fixtures\error-handling\index.js
Class Component,HitBox,C:\Users\Francesco\PycharmProjects\FSS Software Evolution\FSS Software Evolution\react\fixtures\dom\src\components\fixtures\event-pooling\hit-box.js
Class Component,EventPooling,C:\Users\Francesco\PycharmProjects\FSS Software Evolution\FSS Software Evolution\react\fixtures\dom\src\components\fixtures\event-pooling\index.js
Class Component,MouseMove,C:\Users\Francesco\PycharmProjects\FSS Software Evolution\FSS Software Evolution\react\fixtures\dom\src\components\fixtures\event-pooling\mouse-move.js
Class Component,Persistence,C:\Users\Francesco\PycharmProjects\FSS Software Evolution\FSS Software Evolution\react\fixtures\dom\src\components\fixtures\event-pooling\persistence.js
Class Component,ControlledFormFixture,C:\Users\Francesco\PycharmProjects\FSS Software Evolution\FSS Software Evolution\react\fixtures\dom\src\components\fixtures\form-state\ControlledFormFixture.js
Class Component,FormStateCases,C:\Users\Francesco\PycharmProjects\FSS Software Evolution\FSS Software Evolution\react\fixtures\dom\src\components\fixtures\form-state\index.js
Class Component,CodeEditor,C:\Users\Francesco\PycharmProjects\FSS Software Evolution\FSS Software Evolution\react\fixtures\dom\src\components\fixtures\hydration\Code.js
Class Component,CodeError,C:\Users\Francesco\PycharmProjects\FSS Software Evolution\FSS Software Evolution\react\fixtures\dom\src\components\fixtures\hydration\Code.js
Class Component,Fixture,C:\Users\Francesco\PycharmProjects\FSS Software Evolution\FSS Software Evolution\react\fixtures\dom\src\components\fixtures\hydration\data.js
Class Component,Hydration,C:\Users\Francesco\PycharmProjects\FSS Software Evolution\FSS Software Evolution\react\fixtures\dom\src\components\fixtures\hydration\index.js
Class Component,InputChangeEvents,C:\Users\Francesco\PycharmProjects\FSS Software Evolution\FSS Software Evolution\react\fixtures\dom\src\components\fixtures\input-change-events\index.js
Class Component,InputPlaceholderFixture,C:\Users\Francesco\PycharmProjects\FSS Software Evolution\FSS Software Evolution\react\fixtures\dom\src\components\fixtures\input-change-events\InputPlaceholderFixture.js
Class Component,RadioClickFixture,C:\Users\Francesco\PycharmProjects\FSS Software Evolution\FSS Software Evolution\react\fixtures\dom\src\components\fixtures\input-change-events\RadioClickFixture.js
Class Component,RadioGroupFixture,C:\Users\Francesco\PycharmProjects\FSS Software Evolution\FSS Software Evolution\react\fixtures\dom\src\components\fixtures\input-change-events\RadioGroupFixture.js
Class Component,RadioNameChangeFixture,C:\Users\Francesco\PycharmProjects\FSS Software Evolution\FSS Software Evolution\react\fixtures\dom\src\components\fixtures\input-change-events\RadioNameChangeFixture.js
Class Component,RangeKeyboardFixture,C:\Users\Francesco\PycharmProjects\FSS Software Evolution\FSS Software Evolution\react\fixtures\dom\src\components\fixtures\input-change-events\RangeKeyboardFixture.js
Class Component,MediaEvents,C:\Users\Francesco\PycharmProjects\FSS Software Evolution\FSS Software Evolution\react\fixtures\dom\src\components\fixtures\media-events\index.js
Class Component,MouseEvents,C:\Users\Francesco\PycharmProjects\FSS Software Evolution\FSS Software Evolution\react\fixtures\dom\src\components\fixtures\mouse-events\index.js
Class Component,MouseMovement,C:\Users\Francesco\PycharmProjects\FSS Software Evolution\FSS Software Evolution\react\fixtures\dom\src\components\fixtures\mouse-events\mouse-movement.js
Class Component,NumberInputDecimal,C:\Users\Francesco\PycharmProjects\FSS Software Evolution\FSS Software Evolution\react\fixtures\dom\src\components\fixtures\number-inputs\NumberInputDecimal.js
Class Component,NumberInputExtraZeroes,C:\Users\Francesco\PycharmProjects\FSS Software Evolution\FSS Software Evolution\react\fixtures\dom\src\components\fixtures\number-inputs\NumberInputExtraZeroes.js
Class Component,NumberTestCase,C:\Users\Francesco\PycharmProjects\FSS Software Evolution\FSS Software Evolution\react\fixtures\dom\src\components\fixtures\number-inputs\NumberTestCase.js
Class Component,PasswordTestCase,C:\Users\Francesco\PycharmProjects\FSS Software Evolution\FSS Software Evolution\react\fixtures\dom\src\components\fixtures\password-inputs\PasswordTestCase.js
Class Component,DragBox,C:\Users\Francesco\PycharmProjects\FSS Software Evolution\FSS Software Evolution\react\fixtures\dom\src\components\fixtures\pointer-events\drag-box.js
Class Component,Drag,C:\Users\Francesco\PycharmProjects\FSS Software Evolution\FSS Software Evolution\react\fixtures\dom\src\components\fixtures\pointer-events\drag.js
Class Component,DrawBox,C:\Users\Francesco\PycharmProjects\FSS Software Evolution\FSS Software Evolution\react\fixtures\dom\src\components\fixtures\pointer-events\hover-box.js
Class Component,Hover,C:\Users\Francesco\PycharmProjects\FSS Software Evolution\FSS Software Evolution\react\fixtures\dom\src\components\fixtures\pointer-events\hover.js
Class Component,PointerEvents,C:\Users\Francesco\PycharmProjects\FSS Software Evolution\FSS Software Evolution\react\fixtures\dom\src\components\fixtures\pointer-events\index.js
Class Component,ProgressFixture,C:\Users\Francesco\PycharmProjects\FSS Software Evolution\FSS Software Evolution\react\fixtures\dom\src\components\fixtures\progress\index.js
Class Component,RangeInputs,C:\Users\Francesco\PycharmProjects\FSS Software Evolution\FSS Software Evolution\react\fixtures\dom\src\components\fixtures\range-inputs\index.js
Class Component,OnSelectIframe,C:\Users\Francesco\PycharmProjects\FSS Software Evolution\FSS Software Evolution\react\fixtures\dom\src\components\fixtures\selection-events\OnSelectEventTestCase.js
Class Component,OnSelectEventTestCase,C:\Users\Francesco\PycharmProjects\FSS Software Evolution\FSS Software Evolution\react\fixtures\dom\src\components\fixtures\selection-events\OnSelectEventTestCase.js
Class Component,ReorderedInputsTestCase,C:\Users\Francesco\PycharmProjects\FSS Software Evolution\FSS Software Evolution\react\fixtures\dom\src\components\fixtures\selection-events\ReorderedInputsTestCase.js
Class Component,SelectFixture,C:\Users\Francesco\PycharmProjects\FSS Software Evolution\FSS Software Evolution\react\fixtures\dom\src\components\fixtures\selects\index.js
Class Component,SuspendyTreeChild,C:\Users\Francesco\PycharmProjects\FSS Software Evolution\FSS Software Evolution\react\fixtures\dom\src\components\fixtures\suspense\index.js
Class Component,SuspendyTree,C:\Users\Francesco\PycharmProjects\FSS Software Evolution\FSS Software Evolution\react\fixtures\dom\src\components\fixtures\suspense\index.js
Class Component,TextInputFixtures,C:\Users\Francesco\PycharmProjects\FSS Software Evolution\FSS Software Evolution\react\fixtures\dom\src\components\fixtures\suspense\index.js
Class Component,TextInputFixtures,C:\Users\Francesco\PycharmProjects\FSS Software Evolution\FSS Software Evolution\react\fixtures\dom\src\components\fixtures\text-inputs\index.js
Class Component,InputTestCase,C:\Users\Francesco\PycharmProjects\FSS Software Evolution\FSS Software Evolution\react\fixtures\dom\src\components\fixtures\text-inputs\InputTestCase.js
Class Component,ReplaceEmailInput,C:\Users\Francesco\PycharmProjects\FSS Software Evolution\FSS Software Evolution\react\fixtures\dom\src\components\fixtures\text-inputs\ReplaceEmailInput.js
Class Component,TextAreaFixtures,C:\Users\Francesco\PycharmProjects\FSS Software Evolution\FSS Software Evolution\react\fixtures\dom\src\components\fixtures\textareas\index.js
Function Component,Container,C:\Users\Francesco\PycharmProjects\FSS Software Evolution\FSS Software Evolution\react\fixtures\flight\src\Container.js
Class Component,ErrorBoundary,C:\Users\Francesco\PycharmProjects\FSS Software Evolution\FSS Software Evolution\react\fixtures\flight\src\ErrorBoundary.js
Class Component,ErrorBoundary,C:\Users\Francesco\PycharmProjects\FSS Software Evolution\FSS Software Evolution\react\fixtures\flight-esm\src\ErrorBoundary.js
Class Component,Component,C:\Users\Francesco\PycharmProjects\FSS Software Evolution\FSS Software Evolution\react\fixtures\legacy-jsx-runtimes\react-14\react-14.test.js
Class Component,NormalizingComponent,C:\Users\Francesco\PycharmProjects\FSS Software Evolution\FSS Software Evolution\react\fixtures\legacy-jsx-runtimes\react-14\react-14.test.js
Class Component,InnerComponent,C:\Users\Francesco\PycharmProjects\FSS Software Evolution\FSS Software Evolution\react\fixtures\legacy-jsx-runtimes\react-14\react-14.test.js
Class Component,ComponentWrapper,C:\Users\Francesco\PycharmProjects\FSS Software Evolution\FSS Software Evolution\react\fixtures\legacy-jsx-runtimes\react-14\react-14.test.js
Class Component,ParentComp,C:\Users\Francesco\PycharmProjects\FSS Software Evolution\FSS Software Evolution\react\fixtures\legacy-jsx-runtimes\react-14\react-14.test.js
Class Component,NullPropTypeComponent,C:\Users\Francesco\PycharmProjects\FSS Software Evolution\FSS Software Evolution\react\fixtures\legacy-jsx-runtimes\react-14\react-14.test.js
Class Component,NullContextTypeComponent,C:\Users\Francesco\PycharmProjects\FSS Software Evolution\FSS Software Evolution\react\fixtures\legacy-jsx-runtimes\react-14\react-14.test.js
Class Component,GetDefaultPropsComponent,C:\Users\Francesco\PycharmProjects\FSS Software Evolution\FSS Software Evolution\react\fixtures\legacy-jsx-runtimes\react-14\react-14.test.js
Class Component,MisspelledPropTypesComponent,C:\Users\Francesco\PycharmProjects\FSS Software Evolution\FSS Software Evolution\react\fixtures\legacy-jsx-runtimes\react-14\react-14.test.js
Class Component,Foo,C:\Users\Francesco\PycharmProjects\FSS Software Evolution\FSS Software Evolution\react\fixtures\legacy-jsx-runtimes\react-14\react-14.test.js
Class Component,Foo,C:\Users\Francesco\PycharmProjects\FSS Software Evolution\FSS Software Evolution\react\fixtures\legacy-jsx-runtimes\react-14\react-14.test.js
Class Component,Foo,C:\Users\Francesco\PycharmProjects\FSS Software Evolution\FSS Software Evolution\react\fixtures\legacy-jsx-runtimes\react-14\react-14.test.js
Class Component,Wrapper,C:\Users\Francesco\PycharmProjects\FSS Software Evolution\FSS Software Evolution\react\fixtures\legacy-jsx-runtimes\react-14\react-14.test.js
Class Component,Component,C:\Users\Francesco\PycharmProjects\FSS Software Evolution\FSS Software Evolution\react\fixtures\legacy-jsx-runtimes\react-14\react-14.test.js
Class Component,Wrapper,C:\Users\Francesco\PycharmProjects\FSS Software Evolution\FSS Software Evolution\react\fixtures\legacy-jsx-runtimes\react-14\react-14.test.js
Class Component,Component,C:\Users\Francesco\PycharmProjects\FSS Software Evolution\FSS Software Evolution\react\fixtures\legacy-jsx-runtimes\react-14\react-14.test.js
Class Component,Wrapper,C:\Users\Francesco\PycharmProjects\FSS Software Evolution\FSS Software Evolution\react\fixtures\legacy-jsx-runtimes\react-14\react-14.test.js
Class Component,Component,C:\Users\Francesco\PycharmProjects\FSS Software Evolution\FSS Software Evolution\react\fixtures\legacy-jsx-runtimes\react-14\react-14.test.js
Class Component,Wrapper,C:\Users\Francesco\PycharmProjects\FSS Software Evolution\FSS Software Evolution\react\fixtures\legacy-jsx-runtimes\react-14\react-14.test.js
Class Component,Component,C:\Users\Francesco\PycharmProjects\FSS Software Evolution\FSS Software Evolution\react\fixtures\legacy-jsx-runtimes\react-14\react-14.test.js
Class Component,Child,C:\Users\Francesco\PycharmProjects\FSS Software Evolution\FSS Software Evolution\react\fixtures\legacy-jsx-runtimes\react-14\react-14.test.js
Class Component,Parent,C:\Users\Francesco\PycharmProjects\FSS Software Evolution\FSS Software Evolution\react\fixtures\legacy-jsx-runtimes\react-14\react-14.test.js
Class Component,Child,C:\Users\Francesco\PycharmProjects\FSS Software Evolution\FSS Software Evolution\react\fixtures\legacy-jsx-runtimes\react-14\react-14.test.js
Class Component,Parent,C:\Users\Francesco\PycharmProjects\FSS Software Evolution\FSS Software Evolution\react\fixtures\legacy-jsx-runtimes\react-14\react-14.test.js
Class Component,ClassWithRenderProp,C:\Users\Francesco\PycharmProjects\FSS Software Evolution\FSS Software Evolution\react\fixtures\legacy-jsx-runtimes\react-14\react-14.test.js
Class Component,ClassParent,C:\Users\Francesco\PycharmProjects\FSS Software Evolution\FSS Software Evolution\react\fixtures\legacy-jsx-runtimes\react-14\react-14.test.js
Function Component,MyComp,C:\Users\Francesco\PycharmProjects\FSS Software Evolution\FSS Software Evolution\react\fixtures\legacy-jsx-runtimes\react-14\react-14.test.js
Class Component,Component,C:\Users\Francesco\PycharmProjects\FSS Software Evolution\FSS Software Evolution\react\fixtures\legacy-jsx-runtimes\react-15\react-15.test.js
Class Component,NormalizingComponent,C:\Users\Francesco\PycharmProjects\FSS Software Evolution\FSS Software Evolution\react\fixtures\legacy-jsx-runtimes\react-15\react-15.test.js
Class Component,InnerComponent,C:\Users\Francesco\PycharmProjects\FSS Software Evolution\FSS Software Evolution\react\fixtures\legacy-jsx-runtimes\react-15\react-15.test.js
Class Component,ComponentWrapper,C:\Users\Francesco\PycharmProjects\FSS Software Evolution\FSS Software Evolution\react\fixtures\legacy-jsx-runtimes\react-15\react-15.test.js
Class Component,ParentComp,C:\Users\Francesco\PycharmProjects\FSS Software Evolution\FSS Software Evolution\react\fixtures\legacy-jsx-runtimes\react-15\react-15.test.js
Class Component,NullPropTypeComponent,C:\Users\Francesco\PycharmProjects\FSS Software Evolution\FSS Software Evolution\react\fixtures\legacy-jsx-runtimes\react-15\react-15.test.js
Class Component,NullContextTypeComponent,C:\Users\Francesco\PycharmProjects\FSS Software Evolution\FSS Software Evolution\react\fixtures\legacy-jsx-runtimes\react-15\react-15.test.js
Class Component,GetDefaultPropsComponent,C:\Users\Francesco\PycharmProjects\FSS Software Evolution\FSS Software Evolution\react\fixtures\legacy-jsx-runtimes\react-15\react-15.test.js
Class Component,MisspelledPropTypesComponent,C:\Users\Francesco\PycharmProjects\FSS Software Evolution\FSS Software Evolution\react\fixtures\legacy-jsx-runtimes\react-15\react-15.test.js
Class Component,Foo,C:\Users\Francesco\PycharmProjects\FSS Software Evolution\FSS Software Evolution\react\fixtures\legacy-jsx-runtimes\react-15\react-15.test.js
Class Component,Foo,C:\Users\Francesco\PycharmProjects\FSS Software Evolution\FSS Software Evolution\react\fixtures\legacy-jsx-runtimes\react-15\react-15.test.js
Class Component,Foo,C:\Users\Francesco\PycharmProjects\FSS Software Evolution\FSS Software Evolution\react\fixtures\legacy-jsx-runtimes\react-15\react-15.test.js
Class Component,Wrapper,C:\Users\Francesco\PycharmProjects\FSS Software Evolution\FSS Software Evolution\react\fixtures\legacy-jsx-runtimes\react-15\react-15.test.js
Class Component,Component,C:\Users\Francesco\PycharmProjects\FSS Software Evolution\FSS Software Evolution\react\fixtures\legacy-jsx-runtimes\react-15\react-15.test.js
Class Component,Wrapper,C:\Users\Francesco\PycharmProjects\FSS Software Evolution\FSS Software Evolution\react\fixtures\legacy-jsx-runtimes\react-15\react-15.test.js
Class Component,Component,C:\Users\Francesco\PycharmProjects\FSS Software Evolution\FSS Software Evolution\react\fixtures\legacy-jsx-runtimes\react-15\react-15.test.js
Class Component,Wrapper,C:\Users\Francesco\PycharmProjects\FSS Software Evolution\FSS Software Evolution\react\fixtures\legacy-jsx-runtimes\react-15\react-15.test.js
Class Component,Component,C:\Users\Francesco\PycharmProjects\FSS Software Evolution\FSS Software Evolution\react\fixtures\legacy-jsx-runtimes\react-15\react-15.test.js
Class Component,Wrapper,C:\Users\Francesco\PycharmProjects\FSS Software Evolution\FSS Software Evolution\react\fixtures\legacy-jsx-runtimes\react-15\react-15.test.js
Class Component,Component,C:\Users\Francesco\PycharmProjects\FSS Software Evolution\FSS Software Evolution\react\fixtures\legacy-jsx-runtimes\react-15\react-15.test.js
Class Component,Child,C:\Users\Francesco\PycharmProjects\FSS Software Evolution\FSS Software Evolution\react\fixtures\legacy-jsx-runtimes\react-15\react-15.test.js
Class Component,Parent,C:\Users\Francesco\PycharmProjects\FSS Software Evolution\FSS Software Evolution\react\fixtures\legacy-jsx-runtimes\react-15\react-15.test.js
Class Component,Child,C:\Users\Francesco\PycharmProjects\FSS Software Evolution\FSS Software Evolution\react\fixtures\legacy-jsx-runtimes\react-15\react-15.test.js
Class Component,Parent,C:\Users\Francesco\PycharmProjects\FSS Software Evolution\FSS Software Evolution\react\fixtures\legacy-jsx-runtimes\react-15\react-15.test.js
Class Component,ClassWithRenderProp,C:\Users\Francesco\PycharmProjects\FSS Software Evolution\FSS Software Evolution\react\fixtures\legacy-jsx-runtimes\react-15\react-15.test.js
Class Component,ClassParent,C:\Users\Francesco\PycharmProjects\FSS Software Evolution\FSS Software Evolution\react\fixtures\legacy-jsx-runtimes\react-15\react-15.test.js
Function Component,MyComp,C:\Users\Francesco\PycharmProjects\FSS Software Evolution\FSS Software Evolution\react\fixtures\legacy-jsx-runtimes\react-15\react-15.test.js
Class Component,Component,C:\Users\Francesco\PycharmProjects\FSS Software Evolution\FSS Software Evolution\react\fixtures\legacy-jsx-runtimes\react-16\react-16.test.js
Class Component,NormalizingComponent,C:\Users\Francesco\PycharmProjects\FSS Software Evolution\FSS Software Evolution\react\fixtures\legacy-jsx-runtimes\react-16\react-16.test.js
Class Component,InnerComponent,C:\Users\Francesco\PycharmProjects\FSS Software Evolution\FSS Software Evolution\react\fixtures\legacy-jsx-runtimes\react-16\react-16.test.js
Class Component,ComponentWrapper,C:\Users\Francesco\PycharmProjects\FSS Software Evolution\FSS Software Evolution\react\fixtures\legacy-jsx-runtimes\react-16\react-16.test.js
Class Component,ParentComp,C:\Users\Francesco\PycharmProjects\FSS Software Evolution\FSS Software Evolution\react\fixtures\legacy-jsx-runtimes\react-16\react-16.test.js
Class Component,NullPropTypeComponent,C:\Users\Francesco\PycharmProjects\FSS Software Evolution\FSS Software Evolution\react\fixtures\legacy-jsx-runtimes\react-16\react-16.test.js
Class Component,NullContextTypeComponent,C:\Users\Francesco\PycharmProjects\FSS Software Evolution\FSS Software Evolution\react\fixtures\legacy-jsx-runtimes\react-16\react-16.test.js
Class Component,GetDefaultPropsComponent,C:\Users\Francesco\PycharmProjects\FSS Software Evolution\FSS Software Evolution\react\fixtures\legacy-jsx-runtimes\react-16\react-16.test.js
Class Component,MisspelledPropTypesComponent,C:\Users\Francesco\PycharmProjects\FSS Software Evolution\FSS Software Evolution\react\fixtures\legacy-jsx-runtimes\react-16\react-16.test.js
Class Component,Foo,C:\Users\Francesco\PycharmProjects\FSS Software Evolution\FSS Software Evolution\react\fixtures\legacy-jsx-runtimes\react-16\react-16.test.js
Class Component,Foo,C:\Users\Francesco\PycharmProjects\FSS Software Evolution\FSS Software Evolution\react\fixtures\legacy-jsx-runtimes\react-16\react-16.test.js
Class Component,Foo,C:\Users\Francesco\PycharmProjects\FSS Software Evolution\FSS Software Evolution\react\fixtures\legacy-jsx-runtimes\react-16\react-16.test.js
Class Component,Wrapper,C:\Users\Francesco\PycharmProjects\FSS Software Evolution\FSS Software Evolution\react\fixtures\legacy-jsx-runtimes\react-16\react-16.test.js
Class Component,Component,C:\Users\Francesco\PycharmProjects\FSS Software Evolution\FSS Software Evolution\react\fixtures\legacy-jsx-runtimes\react-16\react-16.test.js
Class Component,Wrapper,C:\Users\Francesco\PycharmProjects\FSS Software Evolution\FSS Software Evolution\react\fixtures\legacy-jsx-runtimes\react-16\react-16.test.js
Class Component,Component,C:\Users\Francesco\PycharmProjects\FSS Software Evolution\FSS Software Evolution\react\fixtures\legacy-jsx-runtimes\react-16\react-16.test.js
Class Component,Wrapper,C:\Users\Francesco\PycharmProjects\FSS Software Evolution\FSS Software Evolution\react\fixtures\legacy-jsx-runtimes\react-16\react-16.test.js
Class Component,Component,C:\Users\Francesco\PycharmProjects\FSS Software Evolution\FSS Software Evolution\react\fixtures\legacy-jsx-runtimes\react-16\react-16.test.js
Class Component,Wrapper,C:\Users\Francesco\PycharmProjects\FSS Software Evolution\FSS Software Evolution\react\fixtures\legacy-jsx-runtimes\react-16\react-16.test.js
Class Component,Component,C:\Users\Francesco\PycharmProjects\FSS Software Evolution\FSS Software Evolution\react\fixtures\legacy-jsx-runtimes\react-16\react-16.test.js
Class Component,Child,C:\Users\Francesco\PycharmProjects\FSS Software Evolution\FSS Software Evolution\react\fixtures\legacy-jsx-runtimes\react-16\react-16.test.js
Class Component,Parent,C:\Users\Francesco\PycharmProjects\FSS Software Evolution\FSS Software Evolution\react\fixtures\legacy-jsx-runtimes\react-16\react-16.test.js
Class Component,Child,C:\Users\Francesco\PycharmProjects\FSS Software Evolution\FSS Software Evolution\react\fixtures\legacy-jsx-runtimes\react-16\react-16.test.js
Class Component,Parent,C:\Users\Francesco\PycharmProjects\FSS Software Evolution\FSS Software Evolution\react\fixtures\legacy-jsx-runtimes\react-16\react-16.test.js
Class Component,ClassWithRenderProp,C:\Users\Francesco\PycharmProjects\FSS Software Evolution\FSS Software Evolution\react\fixtures\legacy-jsx-runtimes\react-16\react-16.test.js
Class Component,ClassParent,C:\Users\Francesco\PycharmProjects\FSS Software Evolution\FSS Software Evolution\react\fixtures\legacy-jsx-runtimes\react-16\react-16.test.js
Function Component,MyComp,C:\Users\Francesco\PycharmProjects\FSS Software Evolution\FSS Software Evolution\react\fixtures\legacy-jsx-runtimes\react-16\react-16.test.js
Class Component,Component,C:\Users\Francesco\PycharmProjects\FSS Software Evolution\FSS Software Evolution\react\fixtures\legacy-jsx-runtimes\react-17\react-17.test.js
Class Component,NormalizingComponent,C:\Users\Francesco\PycharmProjects\FSS Software Evolution\FSS Software Evolution\react\fixtures\legacy-jsx-runtimes\react-17\react-17.test.js
Class Component,InnerComponent,C:\Users\Francesco\PycharmProjects\FSS Software Evolution\FSS Software Evolution\react\fixtures\legacy-jsx-runtimes\react-17\react-17.test.js
Class Component,ComponentWrapper,C:\Users\Francesco\PycharmProjects\FSS Software Evolution\FSS Software Evolution\react\fixtures\legacy-jsx-runtimes\react-17\react-17.test.js
Class Component,ParentComp,C:\Users\Francesco\PycharmProjects\FSS Software Evolution\FSS Software Evolution\react\fixtures\legacy-jsx-runtimes\react-17\react-17.test.js
Class Component,NullPropTypeComponent,C:\Users\Francesco\PycharmProjects\FSS Software Evolution\FSS Software Evolution\react\fixtures\legacy-jsx-runtimes\react-17\react-17.test.js
Class Component,NullContextTypeComponent,C:\Users\Francesco\PycharmProjects\FSS Software Evolution\FSS Software Evolution\react\fixtures\legacy-jsx-runtimes\react-17\react-17.test.js
Class Component,GetDefaultPropsComponent,C:\Users\Francesco\PycharmProjects\FSS Software Evolution\FSS Software Evolution\react\fixtures\legacy-jsx-runtimes\react-17\react-17.test.js
Class Component,MisspelledPropTypesComponent,C:\Users\Francesco\PycharmProjects\FSS Software Evolution\FSS Software Evolution\react\fixtures\legacy-jsx-runtimes\react-17\react-17.test.js
Class Component,Foo,C:\Users\Francesco\PycharmProjects\FSS Software Evolution\FSS Software Evolution\react\fixtures\legacy-jsx-runtimes\react-17\react-17.test.js
Class Component,Foo,C:\Users\Francesco\PycharmProjects\FSS Software Evolution\FSS Software Evolution\react\fixtures\legacy-jsx-runtimes\react-17\react-17.test.js
Class Component,Foo,C:\Users\Francesco\PycharmProjects\FSS Software Evolution\FSS Software Evolution\react\fixtures\legacy-jsx-runtimes\react-17\react-17.test.js
Class Component,Wrapper,C:\Users\Francesco\PycharmProjects\FSS Software Evolution\FSS Software Evolution\react\fixtures\legacy-jsx-runtimes\react-17\react-17.test.js
Class Component,Component,C:\Users\Francesco\PycharmProjects\FSS Software Evolution\FSS Software Evolution\react\fixtures\legacy-jsx-runtimes\react-17\react-17.test.js
Class Component,Wrapper,C:\Users\Francesco\PycharmProjects\FSS Software Evolution\FSS Software Evolution\react\fixtures\legacy-jsx-runtimes\react-17\react-17.test.js
Class Component,Component,C:\Users\Francesco\PycharmProjects\FSS Software Evolution\FSS Software Evolution\react\fixtures\legacy-jsx-runtimes\react-17\react-17.test.js
Class Component,Wrapper,C:\Users\Francesco\PycharmProjects\FSS Software Evolution\FSS Software Evolution\react\fixtures\legacy-jsx-runtimes\react-17\react-17.test.js
Class Component,Component,C:\Users\Francesco\PycharmProjects\FSS Software Evolution\FSS Software Evolution\react\fixtures\legacy-jsx-runtimes\react-17\react-17.test.js
Class Component,Wrapper,C:\Users\Francesco\PycharmProjects\FSS Software Evolution\FSS Software Evolution\react\fixtures\legacy-jsx-runtimes\react-17\react-17.test.js
Class Component,Component,C:\Users\Francesco\PycharmProjects\FSS Software Evolution\FSS Software Evolution\react\fixtures\legacy-jsx-runtimes\react-17\react-17.test.js
Class Component,Child,C:\Users\Francesco\PycharmProjects\FSS Software Evolution\FSS Software Evolution\react\fixtures\legacy-jsx-runtimes\react-17\react-17.test.js
Class Component,Parent,C:\Users\Francesco\PycharmProjects\FSS Software Evolution\FSS Software Evolution\react\fixtures\legacy-jsx-runtimes\react-17\react-17.test.js
Class Component,Child,C:\Users\Francesco\PycharmProjects\FSS Software Evolution\FSS Software Evolution\react\fixtures\legacy-jsx-runtimes\react-17\react-17.test.js
Class Component,Parent,C:\Users\Francesco\PycharmProjects\FSS Software Evolution\FSS Software Evolution\react\fixtures\legacy-jsx-runtimes\react-17\react-17.test.js
Class Component,ClassWithRenderProp,C:\Users\Francesco\PycharmProjects\FSS Software Evolution\FSS Software Evolution\react\fixtures\legacy-jsx-runtimes\react-17\react-17.test.js
Class Component,ClassParent,C:\Users\Francesco\PycharmProjects\FSS Software Evolution\FSS Software Evolution\react\fixtures\legacy-jsx-runtimes\react-17\react-17.test.js
Function Component,MyComp,C:\Users\Francesco\PycharmProjects\FSS Software Evolution\FSS Software Evolution\react\fixtures\legacy-jsx-runtimes\react-17\react-17.test.js
Function Component,DataProvider,C:\Users\Francesco\PycharmProjects\FSS Software Evolution\FSS Software Evolution\react\fixtures\ssr2\src\data.js
Function Component,Layout,C:\Users\Francesco\PycharmProjects\FSS Software Evolution\FSS Software Evolution\react\fixtures\ssr2\src\Layout.js
Class Component,BabelClass,C:\Users\Francesco\PycharmProjects\FSS Software Evolution\FSS Software Evolution\react\fixtures\stacks\BabelClasses.js
Class Component,BabelClassWithFields,C:\Users\Francesco\PycharmProjects\FSS Software Evolution\FSS Software Evolution\react\fixtures\stacks\BabelClasses.js
Class Component,NativeClass,C:\Users\Francesco\PycharmProjects\FSS Software Evolution\FSS Software Evolution\react\fixtures\stacks\Components.js
Class Component,FrozenClass,C:\Users\Francesco\PycharmProjects\FSS Software Evolution\FSS Software Evolution\react\fixtures\stacks\Components.js
Class Component,ErrorBoundary,C:\Users\Francesco\PycharmProjects\FSS Software Evolution\FSS Software Evolution\react\fixtures\stacks\Example.js
Class Component,ClassComponentWithFeatureFlag,C:\Users\Francesco\PycharmProjects\FSS Software Evolution\FSS Software Evolution\react\packages\eslint-plugin-react-hooks\__tests__\ESLintRulesOfHooks-test.js
Class Component,ClassComponentWithHook,C:\Users\Francesco\PycharmProjects\FSS Software Evolution\FSS Software Evolution\react\packages\eslint-plugin-react-hooks\__tests__\ESLintRulesOfHooks-test.js
Function Component,App,C:\Users\Francesco\PycharmProjects\FSS Software Evolution\FSS Software Evolution\react\packages\eslint-plugin-react-hooks\__tests__\ESLintRulesOfHooks-test.js
Class Component,Child,C:\Users\Francesco\PycharmProjects\FSS Software Evolution\FSS Software Evolution\react\packages\react\src\__tests__\forwardRef-test.internal.js
Class Component,Child,C:\Users\Francesco\PycharmProjects\FSS Software Evolution\FSS Software Evolution\react\packages\react\src\__tests__\forwardRef-test.internal.js
Class Component,Child,C:\Users\Francesco\PycharmProjects\FSS Software Evolution\FSS Software Evolution\react\packages\react\src\__tests__\forwardRef-test.internal.js
Class Component,Child,C:\Users\Francesco\PycharmProjects\FSS Software Evolution\FSS Software Evolution\react\packages\react\src\__tests__\forwardRef-test.internal.js
Class Component,ErrorBoundary,C:\Users\Francesco\PycharmProjects\FSS Software Evolution\FSS Software Evolution\react\packages\react\src\__tests__\forwardRef-test.internal.js
Class Component,BadRender,C:\Users\Francesco\PycharmProjects\FSS Software Evolution\FSS Software Evolution\react\packages\react\src\__tests__\forwardRef-test.internal.js
Class Component,Inner,C:\Users\Francesco\PycharmProjects\FSS Software Evolution\FSS Software Evolution\react\packages\react\src\__tests__\forwardRef-test.internal.js
Function Component,Wrapper,C:\Users\Francesco\PycharmProjects\FSS Software Evolution\FSS Software Evolution\react\packages\react\src\__tests__\forwardRef-test.internal.js
Function Component,Wrapper,C:\Users\Francesco\PycharmProjects\FSS Software Evolution\FSS Software Evolution\react\packages\react\src\__tests__\forwardRef-test.internal.js
Function Component,Wrapper,C:\Users\Francesco\PycharmProjects\FSS Software Evolution\FSS Software Evolution\react\packages\react\src\__tests__\forwardRef-test.internal.js
Function Component,Wrapper,C:\Users\Francesco\PycharmProjects\FSS Software Evolution\FSS Software Evolution\react\packages\react\src\__tests__\forwardRef-test.internal.js
Function Component,NamedFunction,C:\Users\Francesco\PycharmProjects\FSS Software Evolution\FSS Software Evolution\react\packages\react\src\__tests__\forwardRef-test.js
Function Component,arityOfZero,C:\Users\Francesco\PycharmProjects\FSS Software Evolution\FSS Software Evolution\react\packages\react\src\__tests__\forwardRef-test.js
Concise Arrow Function Component,arityOfTwo,C:\Users\Francesco\PycharmProjects\FSS Software Evolution\FSS Software Evolution\react\packages\react\src\__tests__\forwardRef-test.js
Concise Arrow Function Component,arityOfThree,C:\Users\Francesco\PycharmProjects\FSS Software Evolution\FSS Software Evolution\react\packages\react\src\__tests__\forwardRef-test.js
Class Component,ComponentReturningArray,C:\Users\Francesco\PycharmProjects\FSS Software Evolution\FSS Software Evolution\react\packages\react\src\__tests__\ReactChildren-test.js
Class Component,ComponentReturningArray,C:\Users\Francesco\PycharmProjects\FSS Software Evolution\FSS Software Evolution\react\packages\react\src\__tests__\ReactChildren-test.js
Function Component,ComponentRenderingFlattenedChildren,C:\Users\Francesco\PycharmProjects\FSS Software Evolution\FSS Software Evolution\react\packages\react\src\__tests__\ReactChildren-test.js
Function Component,ComponentRenderingFlattenedChildren,C:\Users\Francesco\PycharmProjects\FSS Software Evolution\FSS Software Evolution\react\packages\react\src\__tests__\ReactChildren-test.js
Class Component,Component,C:\Users\Francesco\PycharmProjects\FSS Software Evolution\FSS Software Evolution\react\packages\react\src\__tests__\ReactContextValidator-test.js
Class Component,ComponentInFooBarContext,C:\Users\Francesco\PycharmProjects\FSS Software Evolution\FSS Software Evolution\react\packages\react\src\__tests__\ReactContextValidator-test.js
Class Component,Parent,C:\Users\Francesco\PycharmProjects\FSS Software Evolution\FSS Software Evolution\react\packages\react\src\__tests__\ReactContextValidator-test.js
Class Component,Component,C:\Users\Francesco\PycharmProjects\FSS Software Evolution\FSS Software Evolution\react\packages\react\src\__tests__\ReactContextValidator-test.js
Class Component,ComponentA,C:\Users\Francesco\PycharmProjects\FSS Software Evolution\FSS Software Evolution\react\packages\react\src\__tests__\ReactContextValidator-test.js
Class Component,ComponentB,C:\Users\Francesco\PycharmProjects\FSS Software Evolution\FSS Software Evolution\react\packages\react\src\__tests__\ReactContextValidator-test.js
Class Component,ParentContextProvider,C:\Users\Francesco\PycharmProjects\FSS Software Evolution\FSS Software Evolution\react\packages\react\src\__tests__\ReactContextValidator-test.js
Class Component,MiddleMissingContext,C:\Users\Francesco\PycharmProjects\FSS Software Evolution\FSS Software Evolution\react\packages\react\src\__tests__\ReactContextValidator-test.js
Class Component,ChildContextConsumer,C:\Users\Francesco\PycharmProjects\FSS Software Evolution\FSS Software Evolution\react\packages\react\src\__tests__\ReactContextValidator-test.js
Class Component,Component,C:\Users\Francesco\PycharmProjects\FSS Software Evolution\FSS Software Evolution\react\packages\react\src\__tests__\ReactContextValidator-test.js
Class Component,Component,C:\Users\Francesco\PycharmProjects\FSS Software Evolution\FSS Software Evolution\react\packages\react\src\__tests__\ReactContextValidator-test.js
Class Component,ParentContextProvider,C:\Users\Francesco\PycharmProjects\FSS Software Evolution\FSS Software Evolution\react\packages\react\src\__tests__\ReactContextValidator-test.js
Class Component,ComponentA,C:\Users\Francesco\PycharmProjects\FSS Software Evolution\FSS Software Evolution\react\packages\react\src\__tests__\ReactContextValidator-test.js
Class Component,ComponentB,C:\Users\Francesco\PycharmProjects\FSS Software Evolution\FSS Software Evolution\react\packages\react\src\__tests__\ReactContextValidator-test.js
Class Component,ComponentA,C:\Users\Francesco\PycharmProjects\FSS Software Evolution\FSS Software Evolution\react\packages\react\src\__tests__\ReactContextValidator-test.js
Class Component,ComponentB,C:\Users\Francesco\PycharmProjects\FSS Software Evolution\FSS Software Evolution\react\packages\react\src\__tests__\ReactContextValidator-test.js
Class Component,Foo,C:\Users\Francesco\PycharmProjects\FSS Software Evolution\FSS Software Evolution\react\packages\react\src\__tests__\ReactContextValidator-test.js
Class Component,Foo,C:\Users\Francesco\PycharmProjects\FSS Software Evolution\FSS Software Evolution\react\packages\react\src\__tests__\ReactContextValidator-test.js
Class Component,Foo,C:\Users\Francesco\PycharmProjects\FSS Software Evolution\FSS Software Evolution\react\packages\react\src\__tests__\ReactContextValidator-test.js
Class Component,Foo,C:\Users\Francesco\PycharmProjects\FSS Software Evolution\FSS Software Evolution\react\packages\react\src\__tests__\ReactContextValidator-test.js
Function Component,ComponentA,C:\Users\Francesco\PycharmProjects\FSS Software Evolution\FSS Software Evolution\react\packages\react\src\__tests__\ReactContextValidator-test.js
Function Component,ComponentB,C:\Users\Francesco\PycharmProjects\FSS Software Evolution\FSS Software Evolution\react\packages\react\src\__tests__\ReactContextValidator-test.js
Class Component,Child,C:\Users\Francesco\PycharmProjects\FSS Software Evolution\FSS Software Evolution\react\packages\react\src\__tests__\ReactCreateElement-test.js
Class Component,Parent,C:\Users\Francesco\PycharmProjects\FSS Software Evolution\FSS Software Evolution\react\packages\react\src\__tests__\ReactCreateElement-test.js
Class Component,Wrapper,C:\Users\Francesco\PycharmProjects\FSS Software Evolution\FSS Software Evolution\react\packages\react\src\__tests__\ReactCreateElement-test.js
Class Component,StaticMethodComponentClass,C:\Users\Francesco\PycharmProjects\FSS Software Evolution\FSS Software Evolution\react\packages\react\src\__tests__\ReactCreateElement-test.js
Class Component,Component,C:\Users\Francesco\PycharmProjects\FSS Software Evolution\FSS Software Evolution\react\packages\react\src\__tests__\ReactCreateElement-test.js
Class Component,Component,C:\Users\Francesco\PycharmProjects\FSS Software Evolution\FSS Software Evolution\react\packages\react\src\__tests__\ReactCreateElement-test.js
Class Component,Outer,C:\Users\Francesco\PycharmProjects\FSS Software Evolution\FSS Software Evolution\react\packages\react\src\__tests__\ReactCreateElement-test.js
Class Component,Outer,C:\Users\Francesco\PycharmProjects\FSS Software Evolution\FSS Software Evolution\react\packages\react\src\__tests__\ReactCreateElement-test.js
Class Component,Test,C:\Users\Francesco\PycharmProjects\FSS Software Evolution\FSS Software Evolution\react\packages\react\src\__tests__\ReactCreateElement-test.js
Class Component,ExampleComponent,C:\Users\Francesco\PycharmProjects\FSS Software Evolution\FSS Software Evolution\react\packages\react\src\__tests__\ReactCreateRef-test.js
Class Component,Grandparent,C:\Users\Francesco\PycharmProjects\FSS Software Evolution\FSS Software Evolution\react\packages\react\src\__tests__\ReactElementClone-test.js
Class Component,Parent,C:\Users\Francesco\PycharmProjects\FSS Software Evolution\FSS Software Evolution\react\packages\react\src\__tests__\ReactElementClone-test.js
Class Component,Child,C:\Users\Francesco\PycharmProjects\FSS Software Evolution\FSS Software Evolution\react\packages\react\src\__tests__\ReactElementClone-test.js
Class Component,Grandparent,C:\Users\Francesco\PycharmProjects\FSS Software Evolution\FSS Software Evolution\react\packages\react\src\__tests__\ReactElementClone-test.js
Class Component,Parent,C:\Users\Francesco\PycharmProjects\FSS Software Evolution\FSS Software Evolution\react\packages\react\src\__tests__\ReactElementClone-test.js
Class Component,Grandparent,C:\Users\Francesco\PycharmProjects\FSS Software Evolution\FSS Software Evolution\react\packages\react\src\__tests__\ReactElementClone-test.js
Class Component,Parent,C:\Users\Francesco\PycharmProjects\FSS Software Evolution\FSS Software Evolution\react\packages\react\src\__tests__\ReactElementClone-test.js
Class Component,Component,C:\Users\Francesco\PycharmProjects\FSS Software Evolution\FSS Software Evolution\react\packages\react\src\__tests__\ReactElementClone-test.js
Class Component,Component,C:\Users\Francesco\PycharmProjects\FSS Software Evolution\FSS Software Evolution\react\packages\react\src\__tests__\ReactElementClone-test.js
Class Component,Component,C:\Users\Francesco\PycharmProjects\FSS Software Evolution\FSS Software Evolution\react\packages\react\src\__tests__\ReactElementClone-test.js
Class Component,Component,C:\Users\Francesco\PycharmProjects\FSS Software Evolution\FSS Software Evolution\react\packages\react\src\__tests__\ReactElementClone-test.js
Class Component,Parent,C:\Users\Francesco\PycharmProjects\FSS Software Evolution\FSS Software Evolution\react\packages\react\src\__tests__\ReactElementClone-test.js
Class Component,Grandparent,C:\Users\Francesco\PycharmProjects\FSS Software Evolution\FSS Software Evolution\react\packages\react\src\__tests__\ReactElementClone-test.js
Class Component,Parent,C:\Users\Francesco\PycharmProjects\FSS Software Evolution\FSS Software Evolution\react\packages\react\src\__tests__\ReactElementClone-test.js
Class Component,Grandparent,C:\Users\Francesco\PycharmProjects\FSS Software Evolution\FSS Software Evolution\react\packages\react\src\__tests__\ReactElementClone-test.js
Class Component,Component,C:\Users\Francesco\PycharmProjects\FSS Software Evolution\FSS Software Evolution\react\packages\react\src\__tests__\ReactElementClone-test.js
Class Component,Component,C:\Users\Francesco\PycharmProjects\FSS Software Evolution\FSS Software Evolution\react\packages\react\src\__tests__\ReactElementClone-test.js
Class Component,InnerClass,C:\Users\Francesco\PycharmProjects\FSS Software Evolution\FSS Software Evolution\react\packages\react\src\__tests__\ReactElementValidator-test.internal.js
Class Component,ComponentWrapper,C:\Users\Francesco\PycharmProjects\FSS Software Evolution\FSS Software Evolution\react\packages\react\src\__tests__\ReactElementValidator-test.internal.js
Class Component,Foo,C:\Users\Francesco\PycharmProjects\FSS Software Evolution\FSS Software Evolution\react\packages\react\src\__tests__\ReactElementValidator-test.internal.js
Class Component,DOMContainer,C:\Users\Francesco\PycharmProjects\FSS Software Evolution\FSS Software Evolution\react\packages\react\src\__tests__\ReactElementValidator-test.internal.js
Function Component,Anonymous,C:\Users\Francesco\PycharmProjects\FSS Software Evolution\FSS Software Evolution\react\packages\react\src\__tests__\ReactElementValidator-test.internal.js
Function Component,Component,C:\Users\Francesco\PycharmProjects\FSS Software Evolution\FSS Software Evolution\react\packages\react\src\__tests__\ReactElementValidator-test.internal.js
Function Component,GrandParent,C:\Users\Francesco\PycharmProjects\FSS Software Evolution\FSS Software Evolution\react\packages\react\src\__tests__\ReactElementValidator-test.internal.js
Class Component,Foo,C:\Users\Francesco\PycharmProjects\FSS Software Evolution\FSS Software Evolution\react\packages\react\src\__tests__\ReactES6Class-test.js
Class Component,Foo,C:\Users\Francesco\PycharmProjects\FSS Software Evolution\FSS Software Evolution\react\packages\react\src\__tests__\ReactES6Class-test.js
Class Component,Foo,C:\Users\Francesco\PycharmProjects\FSS Software Evolution\FSS Software Evolution\react\packages\react\src\__tests__\ReactES6Class-test.js
Class Component,Foo,C:\Users\Francesco\PycharmProjects\FSS Software Evolution\FSS Software Evolution\react\packages\react\src\__tests__\ReactES6Class-test.js
Class Component,Foo,C:\Users\Francesco\PycharmProjects\FSS Software Evolution\FSS Software Evolution\react\packages\react\src\__tests__\ReactES6Class-test.js
Class Component,Foo,C:\Users\Francesco\PycharmProjects\FSS Software Evolution\FSS Software Evolution\react\packages\react\src\__tests__\ReactES6Class-test.js
Class Component,Foo,C:\Users\Francesco\PycharmProjects\FSS Software Evolution\FSS Software Evolution\react\packages\react\src\__tests__\ReactES6Class-test.js
Class Component,Foo,C:\Users\Francesco\PycharmProjects\FSS Software Evolution\FSS Software Evolution\react\packages\react\src\__tests__\ReactES6Class-test.js
Class Component,Foo,C:\Users\Francesco\PycharmProjects\FSS Software Evolution\FSS Software Evolution\react\packages\react\src\__tests__\ReactES6Class-test.js
Class Component,Foo,C:\Users\Francesco\PycharmProjects\FSS Software Evolution\FSS Software Evolution\react\packages\react\src\__tests__\ReactES6Class-test.js
Class Component,Foo,C:\Users\Francesco\PycharmProjects\FSS Software Evolution\FSS Software Evolution\react\packages\react\src\__tests__\ReactES6Class-test.js
Class Component,Foo,C:\Users\Francesco\PycharmProjects\FSS Software Evolution\FSS Software Evolution\react\packages\react\src\__tests__\ReactES6Class-test.js
Class Component,Foo,C:\Users\Francesco\PycharmProjects\FSS Software Evolution\FSS Software Evolution\react\packages\react\src\__tests__\ReactES6Class-test.js
Class Component,Outer,C:\Users\Francesco\PycharmProjects\FSS Software Evolution\FSS Software Evolution\react\packages\react\src\__tests__\ReactES6Class-test.js
Class Component,Foo,C:\Users\Francesco\PycharmProjects\FSS Software Evolution\FSS Software Evolution\react\packages\react\src\__tests__\ReactES6Class-test.js
Class Component,Foo,C:\Users\Francesco\PycharmProjects\FSS Software Evolution\FSS Software Evolution\react\packages\react\src\__tests__\ReactES6Class-test.js
Class Component,Foo,C:\Users\Francesco\PycharmProjects\FSS Software Evolution\FSS Software Evolution\react\packages\react\src\__tests__\ReactES6Class-test.js
Class Component,Foo,C:\Users\Francesco\PycharmProjects\FSS Software Evolution\FSS Software Evolution\react\packages\react\src\__tests__\ReactES6Class-test.js
Class Component,Foo,C:\Users\Francesco\PycharmProjects\FSS Software Evolution\FSS Software Evolution\react\packages\react\src\__tests__\ReactES6Class-test.js
Class Component,Foo,C:\Users\Francesco\PycharmProjects\FSS Software Evolution\FSS Software Evolution\react\packages\react\src\__tests__\ReactES6Class-test.js
Class Component,Foo,C:\Users\Francesco\PycharmProjects\FSS Software Evolution\FSS Software Evolution\react\packages\react\src\__tests__\ReactES6Class-test.js
Class Component,Foo,C:\Users\Francesco\PycharmProjects\FSS Software Evolution\FSS Software Evolution\react\packages\react\src\__tests__\ReactES6Class-test.js
Class Component,Foo,C:\Users\Francesco\PycharmProjects\FSS Software Evolution\FSS Software Evolution\react\packages\react\src\__tests__\ReactES6Class-test.js
Class Component,NamedComponent,C:\Users\Francesco\PycharmProjects\FSS Software Evolution\FSS Software Evolution\react\packages\react\src\__tests__\ReactES6Class-test.js
Class Component,NamedComponent,C:\Users\Francesco\PycharmProjects\FSS Software Evolution\FSS Software Evolution\react\packages\react\src\__tests__\ReactES6Class-test.js
Class Component,NamedComponent,C:\Users\Francesco\PycharmProjects\FSS Software Evolution\FSS Software Evolution\react\packages\react\src\__tests__\ReactES6Class-test.js
Class Component,Bar,C:\Users\Francesco\PycharmProjects\FSS Software Evolution\FSS Software Evolution\react\packages\react\src\__tests__\ReactES6Class-test.js
Class Component,Foo,C:\Users\Francesco\PycharmProjects\FSS Software Evolution\FSS Software Evolution\react\packages\react\src\__tests__\ReactES6Class-test.js
Class Component,InnerComponent,C:\Users\Francesco\PycharmProjects\FSS Software Evolution\FSS Software Evolution\react\packages\react\src\__tests__\ReactJSXElementValidator-test.js
Class Component,ComponentWrapper,C:\Users\Francesco\PycharmProjects\FSS Software Evolution\FSS Software Evolution\react\packages\react\src\__tests__\ReactJSXElementValidator-test.js
Class Component,MyComp,C:\Users\Francesco\PycharmProjects\FSS Software Evolution\FSS Software Evolution\react\packages\react\src\__tests__\ReactJSXElementValidator-test.js
Class Component,ParentComp,C:\Users\Francesco\PycharmProjects\FSS Software Evolution\FSS Software Evolution\react\packages\react\src\__tests__\ReactJSXElementValidator-test.js
Class Component,Foo,C:\Users\Francesco\PycharmProjects\FSS Software Evolution\FSS Software Evolution\react\packages\react\src\__tests__\ReactJSXElementValidator-test.js
Class Component,Foo,C:\Users\Francesco\PycharmProjects\FSS Software Evolution\FSS Software Evolution\react\packages\react\src\__tests__\ReactJSXElementValidator-test.js
Class Component,StaticMethodComponentClass,C:\Users\Francesco\PycharmProjects\FSS Software Evolution\FSS Software Evolution\react\packages\react\src\__tests__\ReactJSXRuntime-test.js
Class Component,Component,C:\Users\Francesco\PycharmProjects\FSS Software Evolution\FSS Software Evolution\react\packages\react\src\__tests__\ReactJSXRuntime-test.js
Class Component,Component,C:\Users\Francesco\PycharmProjects\FSS Software Evolution\FSS Software Evolution\react\packages\react\src\__tests__\ReactJSXRuntime-test.js
Class Component,Outer,C:\Users\Francesco\PycharmProjects\FSS Software Evolution\FSS Software Evolution\react\packages\react\src\__tests__\ReactJSXRuntime-test.js
Class Component,Outer,C:\Users\Francesco\PycharmProjects\FSS Software Evolution\FSS Software Evolution\react\packages\react\src\__tests__\ReactJSXRuntime-test.js
Class Component,Test,C:\Users\Francesco\PycharmProjects\FSS Software Evolution\FSS Software Evolution\react\packages\react\src\__tests__\ReactJSXRuntime-test.js
Class Component,Child,C:\Users\Francesco\PycharmProjects\FSS Software Evolution\FSS Software Evolution\react\packages\react\src\__tests__\ReactJSXRuntime-test.js
Class Component,Parent,C:\Users\Francesco\PycharmProjects\FSS Software Evolution\FSS Software Evolution\react\packages\react\src\__tests__\ReactJSXRuntime-test.js
Class Component,Child,C:\Users\Francesco\PycharmProjects\FSS Software Evolution\FSS Software Evolution\react\packages\react\src\__tests__\ReactJSXRuntime-test.js
Class Component,Parent,C:\Users\Francesco\PycharmProjects\FSS Software Evolution\FSS Software Evolution\react\packages\react\src\__tests__\ReactJSXRuntime-test.js
Class Component,Child,C:\Users\Francesco\PycharmProjects\FSS Software Evolution\FSS Software Evolution\react\packages\react\src\__tests__\ReactJSXRuntime-test.js
Class Component,Parent,C:\Users\Francesco\PycharmProjects\FSS Software Evolution\FSS Software Evolution\react\packages\react\src\__tests__\ReactJSXRuntime-test.js
Class Component,Child,C:\Users\Francesco\PycharmProjects\FSS Software Evolution\FSS Software Evolution\react\packages\react\src\__tests__\ReactJSXRuntime-test.js
Class Component,Parent,C:\Users\Francesco\PycharmProjects\FSS Software Evolution\FSS Software Evolution\react\packages\react\src\__tests__\ReactJSXRuntime-test.js
Class Component,NormalizingComponent,C:\Users\Francesco\PycharmProjects\FSS Software Evolution\FSS Software Evolution\react\packages\react\src\__tests__\ReactJSXTransformIntegration-test.js
Function Component,App,C:\Users\Francesco\PycharmProjects\FSS Software Evolution\FSS Software Evolution\react\packages\react\src\__tests__\ReactJSXTransformIntegration-test.js
Class Component,ClassComponent,C:\Users\Francesco\PycharmProjects\FSS Software Evolution\FSS Software Evolution\react\packages\react\src\__tests__\ReactProfiler-test.internal.js
Class Component,Updater,C:\Users\Francesco\PycharmProjects\FSS Software Evolution\FSS Software Evolution\react\packages\react\src\__tests__\ReactProfiler-test.internal.js
Class Component,WithLifecycles,C:\Users\Francesco\PycharmProjects\FSS Software Evolution\FSS Software Evolution\react\packages\react\src\__tests__\ReactProfiler-test.internal.js
Class Component,FirstComponent,C:\Users\Francesco\PycharmProjects\FSS Software Evolution\FSS Software Evolution\react\packages\react\src\__tests__\ReactProfiler-test.internal.js
Class Component,SecondComponent,C:\Users\Francesco\PycharmProjects\FSS Software Evolution\FSS Software Evolution\react\packages\react\src\__tests__\ReactProfiler-test.internal.js
Class Component,ErrorBoundary,C:\Users\Francesco\PycharmProjects\FSS Software Evolution\FSS Software Evolution\react\packages\react\src\__tests__\ReactProfiler-test.internal.js
Class Component,ErrorBoundary,C:\Users\Francesco\PycharmProjects\FSS Software Evolution\FSS Software Evolution\react\packages\react\src\__tests__\ReactProfiler-test.internal.js
Class Component,ClassComponent,C:\Users\Francesco\PycharmProjects\FSS Software Evolution\FSS Software Evolution\react\packages\react\src\__tests__\ReactProfiler-test.internal.js
Class Component,ComponentWithCommitHooks,C:\Users\Francesco\PycharmProjects\FSS Software Evolution\FSS Software Evolution\react\packages\react\src\__tests__\ReactProfiler-test.internal.js
Class Component,ComponentWithCommitHooks,C:\Users\Francesco\PycharmProjects\FSS Software Evolution\FSS Software Evolution\react\packages\react\src\__tests__\ReactProfiler-test.internal.js
Class Component,ClassComponent,C:\Users\Francesco\PycharmProjects\FSS Software Evolution\FSS Software Evolution\react\packages\react\src\__tests__\ReactProfiler-test.internal.js
Class Component,ErrorBoundary,C:\Users\Francesco\PycharmProjects\FSS Software Evolution\FSS Software Evolution\react\packages\react\src\__tests__\ReactProfiler-test.internal.js
Class Component,ErrorBoundary,C:\Users\Francesco\PycharmProjects\FSS Software Evolution\FSS Software Evolution\react\packages\react\src\__tests__\ReactProfiler-test.internal.js
Class Component,ErrorBoundary,C:\Users\Francesco\PycharmProjects\FSS Software Evolution\FSS Software Evolution\react\packages\react\src\__tests__\ReactProfiler-test.internal.js
Class Component,ErrorBoundary,C:\Users\Francesco\PycharmProjects\FSS Software Evolution\FSS Software Evolution\react\packages\react\src\__tests__\ReactProfiler-test.internal.js
Class Component,ClassComponent,C:\Users\Francesco\PycharmProjects\FSS Software Evolution\FSS Software Evolution\react\packages\react\src\__tests__\ReactProfilerComponent-test.internal.js
Concise Arrow Function Component,FunctionComponent,C:\Users\Francesco\PycharmProjects\FSS Software Evolution\FSS Software Evolution\react\packages\react\src\__tests__\ReactProfilerComponent-test.internal.js
Concise Arrow Function Component,FunctionComponent,C:\Users\Francesco\PycharmProjects\FSS Software Evolution\FSS Software Evolution\react\packages\react\src\__tests__\ReactProfilerComponent-test.internal.js
Class Component,Component,C:\Users\Francesco\PycharmProjects\FSS Software Evolution\FSS Software Evolution\react\packages\react\src\__tests__\ReactPureComponent-test.js
Class Component,Component,C:\Users\Francesco\PycharmProjects\FSS Software Evolution\FSS Software Evolution\react\packages\react\src\__tests__\ReactPureComponent-test.js
Class Component,Component,C:\Users\Francesco\PycharmProjects\FSS Software Evolution\FSS Software Evolution\react\packages\react\src\__tests__\ReactPureComponent-test.js
Class Component,PureComponent,C:\Users\Francesco\PycharmProjects\FSS Software Evolution\FSS Software Evolution\react\packages\react\src\__tests__\ReactPureComponent-test.js
Class Component,ClassComponent,C:\Users\Francesco\PycharmProjects\FSS Software Evolution\FSS Software Evolution\react\packages\react\src\__tests__\ReactStrictMode-test.js
Class Component,ClassComponent,C:\Users\Francesco\PycharmProjects\FSS Software Evolution\FSS Software Evolution\react\packages\react\src\__tests__\ReactStrictMode-test.js
Class Component,ClassComponent,C:\Users\Francesco\PycharmProjects\FSS Software Evolution\FSS Software Evolution\react\packages\react\src\__tests__\ReactStrictMode-test.js
Class Component,ClassComponent,C:\Users\Francesco\PycharmProjects\FSS Software Evolution\FSS Software Evolution\react\packages\react\src\__tests__\ReactStrictMode-test.js
Class Component,App,C:\Users\Francesco\PycharmProjects\FSS Software Evolution\FSS Software Evolution\react\packages\react\src\__tests__\ReactStrictMode-test.js
Class Component,Foo,C:\Users\Francesco\PycharmProjects\FSS Software Evolution\FSS Software Evolution\react\packages\react\src\__tests__\ReactStrictMode-test.js
Class Component,Bar,C:\Users\Francesco\PycharmProjects\FSS Software Evolution\FSS Software Evolution\react\packages\react\src\__tests__\ReactStrictMode-test.js
Class Component,App,C:\Users\Francesco\PycharmProjects\FSS Software Evolution\FSS Software Evolution\react\packages\react\src\__tests__\ReactStrictMode-test.js
Class Component,Parent,C:\Users\Francesco\PycharmProjects\FSS Software Evolution\FSS Software Evolution\react\packages\react\src\__tests__\ReactStrictMode-test.js
Class Component,Child,C:\Users\Francesco\PycharmProjects\FSS Software Evolution\FSS Software Evolution\react\packages\react\src\__tests__\ReactStrictMode-test.js
Class Component,Foo,C:\Users\Francesco\PycharmProjects\FSS Software Evolution\FSS Software Evolution\react\packages\react\src\__tests__\ReactStrictMode-test.js
Class Component,Bar,C:\Users\Francesco\PycharmProjects\FSS Software Evolution\FSS Software Evolution\react\packages\react\src\__tests__\ReactStrictMode-test.js
Class Component,SyncRoot,C:\Users\Francesco\PycharmProjects\FSS Software Evolution\FSS Software Evolution\react\packages\react\src\__tests__\ReactStrictMode-test.js
Class Component,Foo,C:\Users\Francesco\PycharmProjects\FSS Software Evolution\FSS Software Evolution\react\packages\react\src\__tests__\ReactStrictMode-test.js
Class Component,Bar,C:\Users\Francesco\PycharmProjects\FSS Software Evolution\FSS Software Evolution\react\packages\react\src\__tests__\ReactStrictMode-test.js
Class Component,ChildComponent,C:\Users\Francesco\PycharmProjects\FSS Software Evolution\FSS Software Evolution\react\packages\react\src\__tests__\ReactStrictMode-test.js
Class Component,ChildComponent,C:\Users\Francesco\PycharmProjects\FSS Software Evolution\FSS Software Evolution\react\packages\react\src\__tests__\ReactStrictMode-test.js
Class Component,ChildComponent,C:\Users\Francesco\PycharmProjects\FSS Software Evolution\FSS Software Evolution\react\packages\react\src\__tests__\ReactStrictMode-test.js
Class Component,LegacyContextProvider,C:\Users\Francesco\PycharmProjects\FSS Software Evolution\FSS Software Evolution\react\packages\react\src\__tests__\ReactStrictMode-test.js
Class Component,LegacyContextConsumer,C:\Users\Francesco\PycharmProjects\FSS Software Evolution\FSS Software Evolution\react\packages\react\src\__tests__\ReactStrictMode-test.js
Class Component,Root,C:\Users\Francesco\PycharmProjects\FSS Software Evolution\FSS Software Evolution\react\packages\react\src\__tests__\ReactStrictMode-test.js
Class Component,Foo,C:\Users\Francesco\PycharmProjects\FSS Software Evolution\FSS Software Evolution\react\packages\react\src\__tests__\ReactStrictMode-test.js
Class Component,Foo,C:\Users\Francesco\PycharmProjects\FSS Software Evolution\FSS Software Evolution\react\packages\react\src\__tests__\ReactStrictMode-test.js
Class Component,Foo,C:\Users\Francesco\PycharmProjects\FSS Software Evolution\FSS Software Evolution\react\packages\react\src\__tests__\ReactStrictMode-test.js
Class Component,Foo,C:\Users\Francesco\PycharmProjects\FSS Software Evolution\FSS Software Evolution\react\packages\react\src\__tests__\ReactStrictMode-test.js
Class Component,Foo,C:\Users\Francesco\PycharmProjects\FSS Software Evolution\FSS Software Evolution\react\packages\react\src\__tests__\ReactStrictMode-test.js
Class Component,Foo,C:\Users\Francesco\PycharmProjects\FSS Software Evolution\FSS Software Evolution\react\packages\react\src\__tests__\ReactStrictMode-test.js
Class Component,Foo,C:\Users\Francesco\PycharmProjects\FSS Software Evolution\FSS Software Evolution\react\packages\react\src\__tests__\ReactStrictMode-test.js
Class Component,Foo,C:\Users\Francesco\PycharmProjects\FSS Software Evolution\FSS Software Evolution\react\packages\react\src\__tests__\ReactStrictMode-test.js
Class Component,Foo,C:\Users\Francesco\PycharmProjects\FSS Software Evolution\FSS Software Evolution\react\packages\react\src\__tests__\ReactStrictMode-test.js
Class Component,Foo,C:\Users\Francesco\PycharmProjects\FSS Software Evolution\FSS Software Evolution\react\packages\react\src\__tests__\ReactStrictMode-test.js
Function Component,Foo,C:\Users\Francesco\PycharmProjects\FSS Software Evolution\FSS Software Evolution\react\packages\react\src\__tests__\ReactStrictMode-test.js
Function Component,Foo,C:\Users\Francesco\PycharmProjects\FSS Software Evolution\FSS Software Evolution\react\packages\react\src\__tests__\ReactStrictMode-test.js
Function Component,Wrapper,C:\Users\Francesco\PycharmProjects\FSS Software Evolution\FSS Software Evolution\react\packages\react\src\__tests__\ReactStrictMode-test.js
Function Component,StrictRoot,C:\Users\Francesco\PycharmProjects\FSS Software Evolution\FSS Software Evolution\react\packages\react\src\__tests__\ReactStrictMode-test.js
Class Component,Surface,C:\Users\Francesco\PycharmProjects\FSS Software Evolution\FSS Software Evolution\react\packages\react-art\src\ReactART.js
Class Component,Text,C:\Users\Francesco\PycharmProjects\FSS Software Evolution\FSS Software Evolution\react\packages\react-art\src\ReactART.js
Class Component,Component,C:\Users\Francesco\PycharmProjects\FSS Software Evolution\FSS Software Evolution\react\packages\react-art\src\__tests__\ReactART-test.js
Class Component,CustomShape,C:\Users\Francesco\PycharmProjects\FSS Software Evolution\FSS Software Evolution\react\packages\react-art\src\__tests__\ReactART-test.js
Class Component,CustomShape,C:\Users\Francesco\PycharmProjects\FSS Software Evolution\FSS Software Evolution\react\packages\react-art\src\__tests__\ReactART-test.js
Class Component,Outer,C:\Users\Francesco\PycharmProjects\FSS Software Evolution\FSS Software Evolution\react\packages\react-art\src\__tests__\ReactART-test.js
Class Component,CustomShape,C:\Users\Francesco\PycharmProjects\FSS Software Evolution\FSS Software Evolution\react\packages\react-art\src\__tests__\ReactART-test.js
Class Component,Outer,C:\Users\Francesco\PycharmProjects\FSS Software Evolution\FSS Software Evolution\react\packages\react-art\src\__tests__\ReactART-test.js
Class Component,MyErrorBoundary,C:\Users\Francesco\PycharmProjects\FSS Software Evolution\FSS Software Evolution\react\packages\react-client\src\__tests__\ReactFlight-test.js
Function Component,Greeting,C:\Users\Francesco\PycharmProjects\FSS Software Evolution\FSS Software Evolution\react\packages\react-client\src\__tests__\ReactFlight-test.js
Function Component,ItemListClient,C:\Users\Francesco\PycharmProjects\FSS Software Evolution\FSS Software Evolution\react\packages\react-client\src\__tests__\ReactFlight-test.js
Function Component,ItemListClient,C:\Users\Francesco\PycharmProjects\FSS Software Evolution\FSS Software Evolution\react\packages\react-client\src\__tests__\ReactFlight-test.js
Function Component,Empty,C:\Users\Francesco\PycharmProjects\FSS Software Evolution\FSS Software Evolution\react\packages\react-client\src\__tests__\ReactFlight-test.js
Function Component,ClientComponent,C:\Users\Francesco\PycharmProjects\FSS Software Evolution\FSS Software Evolution\react\packages\react-client\src\__tests__\ReactFlight-test.js
Function Component,FunctionProp,C:\Users\Francesco\PycharmProjects\FSS Software Evolution\FSS Software Evolution\react\packages\react-client\src\__tests__\ReactFlight-test.js
Function Component,SymbolProp,C:\Users\Francesco\PycharmProjects\FSS Software Evolution\FSS Software Evolution\react\packages\react-client\src\__tests__\ReactFlight-test.js
Function Component,RefProp,C:\Users\Francesco\PycharmProjects\FSS Software Evolution\FSS Software Evolution\react\packages\react-client\src\__tests__\ReactFlight-test.js
Function Component,FunctionChildrenClient,C:\Users\Francesco\PycharmProjects\FSS Software Evolution\FSS Software Evolution\react\packages\react-client\src\__tests__\ReactFlight-test.js
Function Component,FunctionPropClient,C:\Users\Francesco\PycharmProjects\FSS Software Evolution\FSS Software Evolution\react\packages\react-client\src\__tests__\ReactFlight-test.js
Function Component,SymbolPropClient,C:\Users\Francesco\PycharmProjects\FSS Software Evolution\FSS Software Evolution\react\packages\react-client\src\__tests__\ReactFlight-test.js
Function Component,RefPropClient,C:\Users\Francesco\PycharmProjects\FSS Software Evolution\FSS Software Evolution\react\packages\react-client\src\__tests__\ReactFlight-test.js
Function Component,ClientImpl,C:\Users\Francesco\PycharmProjects\FSS Software Evolution\FSS Software Evolution\react\packages\react-client\src\__tests__\ReactFlight-test.js
Function Component,ClientImpl,C:\Users\Francesco\PycharmProjects\FSS Software Evolution\FSS Software Evolution\react\packages\react-client\src\__tests__\ReactFlight-test.js
Function Component,ClientImpl,C:\Users\Francesco\PycharmProjects\FSS Software Evolution\FSS Software Evolution\react\packages\react-client\src\__tests__\ReactFlight-test.js
Function Component,ClientImpl,C:\Users\Francesco\PycharmProjects\FSS Software Evolution\FSS Software Evolution\react\packages\react-client\src\__tests__\ReactFlight-test.js
Function Component,ClientImpl,C:\Users\Francesco\PycharmProjects\FSS Software Evolution\FSS Software Evolution\react\packages\react-client\src\__tests__\ReactFlight-test.js
Function Component,ClientImpl,C:\Users\Francesco\PycharmProjects\FSS Software Evolution\FSS Software Evolution\react\packages\react-client\src\__tests__\ReactFlight-test.js
Function Component,UserClient,C:\Users\Francesco\PycharmProjects\FSS Software Evolution\FSS Software Evolution\react\packages\react-client\src\__tests__\ReactFlight-test.js
Function Component,UserClient,C:\Users\Francesco\PycharmProjects\FSS Software Evolution\FSS Software Evolution\react\packages\react-client\src\__tests__\ReactFlight-test.js
Function Component,UserClient,C:\Users\Francesco\PycharmProjects\FSS Software Evolution\FSS Software Evolution\react\packages\react-client\src\__tests__\ReactFlight-test.js
Function Component,UserClient,C:\Users\Francesco\PycharmProjects\FSS Software Evolution\FSS Software Evolution\react\packages\react-client\src\__tests__\ReactFlight-test.js
Function Component,App,C:\Users\Francesco\PycharmProjects\FSS Software Evolution\FSS Software Evolution\react\packages\react-client\src\__tests__\ReactFlight-test.js
Function Component,UserClient,C:\Users\Francesco\PycharmProjects\FSS Software Evolution\FSS Software Evolution\react\packages\react-client\src\__tests__\ReactFlight-test.js
Function Component,UserClient,C:\Users\Francesco\PycharmProjects\FSS Software Evolution\FSS Software Evolution\react\packages\react-client\src\__tests__\ReactFlight-test.js
Function Component,ThirdPartyLazyComponent,C:\Users\Francesco\PycharmProjects\FSS Software Evolution\FSS Software Evolution\react\packages\react-client\src\__tests__\ReactFlight-test.js
Function Component,ThirdPartyComponent,C:\Users\Francesco\PycharmProjects\FSS Software Evolution\FSS Software Evolution\react\packages\react-client\src\__tests__\ReactFlight-test.js
Function Component,ServerComponent,C:\Users\Francesco\PycharmProjects\FSS Software Evolution\FSS Software Evolution\react\packages\react-client\src\__tests__\ReactFlight-test.js
Function Component,ServerComponent,C:\Users\Francesco\PycharmProjects\FSS Software Evolution\FSS Software Evolution\react\packages\react-client\src\__tests__\ReactFlight-test.js
Function Component,Loading,C:\Users\Francesco\PycharmProjects\FSS Software Evolution\FSS Software Evolution\react\packages\react-devtools-shared\src\devtools\views\Components\Tree.js
Concise Arrow Function Component,Bar,C:\Users\Francesco\PycharmProjects\FSS Software Evolution\FSS Software Evolution\react\packages\react-devtools-shared\src\__tests__\compiler-integration-test.js
Concise Arrow Function Component,Bar,C:\Users\Francesco\PycharmProjects\FSS Software Evolution\FSS Software Evolution\react\packages\react-devtools-shared\src\__tests__\compiler-integration-test.js
Concise Arrow Function Component,Grandparent,C:\Users\Francesco\PycharmProjects\FSS Software Evolution\FSS Software Evolution\react\packages\react-devtools-shared\src\__tests__\componentStacks-test.js
Concise Arrow Function Component,Parent,C:\Users\Francesco\PycharmProjects\FSS Software Evolution\FSS Software Evolution\react\packages\react-devtools-shared\src\__tests__\componentStacks-test.js
Concise Arrow Function Component,Grandparent,C:\Users\Francesco\PycharmProjects\FSS Software Evolution\FSS Software Evolution\react\packages\react-devtools-shared\src\__tests__\componentStacks-test.js
Class Component,Child,C:\Users\Francesco\PycharmProjects\FSS Software Evolution\FSS Software Evolution\react\packages\react-devtools-shared\src\__tests__\console-test.js
Class Component,Child,C:\Users\Francesco\PycharmProjects\FSS Software Evolution\FSS Software Evolution\react\packages\react-devtools-shared\src\__tests__\console-test.js
Class Component,ClassComponent,C:\Users\Francesco\PycharmProjects\FSS Software Evolution\FSS Software Evolution\react\packages\react-devtools-shared\src\__tests__\editing-test.js
Class Component,ClassComponent,C:\Users\Francesco\PycharmProjects\FSS Software Evolution\FSS Software Evolution\react\packages\react-devtools-shared\src\__tests__\editing-test.js
Class Component,LegacyContextProvider,C:\Users\Francesco\PycharmProjects\FSS Software Evolution\FSS Software Evolution\react\packages\react-devtools-shared\src\__tests__\editing-test.js
Class Component,ClassComponent,C:\Users\Francesco\PycharmProjects\FSS Software Evolution\FSS Software Evolution\react\packages\react-devtools-shared\src\__tests__\editing-test.js
Function Component,Parent,C:\Users\Francesco\PycharmProjects\FSS Software Evolution\FSS Software Evolution\react\packages\react-devtools-shared\src\__tests__\FastRefreshDevToolsIntegration-test.js
Function Component,Child,C:\Users\Francesco\PycharmProjects\FSS Software Evolution\FSS Software Evolution\react\packages\react-devtools-shared\src\__tests__\FastRefreshDevToolsIntegration-test.js
Function Component,Parent,C:\Users\Francesco\PycharmProjects\FSS Software Evolution\FSS Software Evolution\react\packages\react-devtools-shared\src\__tests__\FastRefreshDevToolsIntegration-test.js
Function Component,Child,C:\Users\Francesco\PycharmProjects\FSS Software Evolution\FSS Software Evolution\react\packages\react-devtools-shared\src\__tests__\FastRefreshDevToolsIntegration-test.js
Function Component,Parent,C:\Users\Francesco\PycharmProjects\FSS Software Evolution\FSS Software Evolution\react\packages\react-devtools-shared\src\__tests__\FastRefreshDevToolsIntegration-test.js
Function Component,Child,C:\Users\Francesco\PycharmProjects\FSS Software Evolution\FSS Software Evolution\react\packages\react-devtools-shared\src\__tests__\FastRefreshDevToolsIntegration-test.js
Class Component,LegacyContextProvider,C:\Users\Francesco\PycharmProjects\FSS Software Evolution\FSS Software Evolution\react\packages\react-devtools-shared\src\__tests__\inspectedElement-test.js
Class Component,LegacyContextConsumer,C:\Users\Francesco\PycharmProjects\FSS Software Evolution\FSS Software Evolution\react\packages\react-devtools-shared\src\__tests__\inspectedElement-test.js
Class Component,ModernContextType,C:\Users\Francesco\PycharmProjects\FSS Software Evolution\FSS Software Evolution\react\packages\react-devtools-shared\src\__tests__\inspectedElement-test.js
Class Component,Example,C:\Users\Francesco\PycharmProjects\FSS Software Evolution\FSS Software Evolution\react\packages\react-devtools-shared\src\__tests__\inspectedElement-test.js
Class Component,LocalErrorBoundary,C:\Users\Francesco\PycharmProjects\FSS Software Evolution\FSS Software Evolution\react\packages\react-devtools-shared\src\__tests__\inspectedElement-test.js
Function Component,App,C:\Users\Francesco\PycharmProjects\FSS Software Evolution\FSS Software Evolution\react\packages\react-devtools-shared\src\__tests__\inspectedElement-test.js
Function Component,App,C:\Users\Francesco\PycharmProjects\FSS Software Evolution\FSS Software Evolution\react\packages\react-devtools-shared\src\__tests__\inspectedElement-test.js
Concise Arrow Function Component,Example,C:\Users\Francesco\PycharmProjects\FSS Software Evolution\FSS Software Evolution\react\packages\react-devtools-shared\src\__tests__\inspectedElement-test.js
Concise Arrow Function Component,Example,C:\Users\Francesco\PycharmProjects\FSS Software Evolution\FSS Software Evolution\react\packages\react-devtools-shared\src\__tests__\inspectedElement-test.js
Concise Arrow Function Component,Example,C:\Users\Francesco\PycharmProjects\FSS Software Evolution\FSS Software Evolution\react\packages\react-devtools-shared\src\__tests__\inspectedElement-test.js
Concise Arrow Function Component,Example,C:\Users\Francesco\PycharmProjects\FSS Software Evolution\FSS Software Evolution\react\packages\react-devtools-shared\src\__tests__\inspectedElement-test.js
Concise Arrow Function Component,Example,C:\Users\Francesco\PycharmProjects\FSS Software Evolution\FSS Software Evolution\react\packages\react-devtools-shared\src\__tests__\inspectedElement-test.js
Concise Arrow Function Component,Example,C:\Users\Francesco\PycharmProjects\FSS Software Evolution\FSS Software Evolution\react\packages\react-devtools-shared\src\__tests__\inspectedElement-test.js
Concise Arrow Function Component,Grandparent,C:\Users\Francesco\PycharmProjects\FSS Software Evolution\FSS Software Evolution\react\packages\react-devtools-shared\src\__tests__\ownersListContext-test.js
Concise Arrow Function Component,Grandparent,C:\Users\Francesco\PycharmProjects\FSS Software Evolution\FSS Software Evolution\react\packages\react-devtools-shared\src\__tests__\ownersListContext-test.js
Concise Arrow Function Component,Grandparent,C:\Users\Francesco\PycharmProjects\FSS Software Evolution\FSS Software Evolution\react\packages\react-devtools-shared\src\__tests__\ownersListContext-test.js
Concise Arrow Function Component,InnerComponent,C:\Users\Francesco\PycharmProjects\FSS Software Evolution\FSS Software Evolution\react\packages\react-devtools-shared\src\__tests__\ownersListContext-test.js
Class Component,Component,C:\Users\Francesco\PycharmProjects\FSS Software Evolution\FSS Software Evolution\react\packages\react-devtools-shared\src\__tests__\preprocessData-test.js
Class Component,Component,C:\Users\Francesco\PycharmProjects\FSS Software Evolution\FSS Software Evolution\react\packages\react-devtools-shared\src\__tests__\preprocessData-test.js
Class Component,ErrorBoundary,C:\Users\Francesco\PycharmProjects\FSS Software Evolution\FSS Software Evolution\react\packages\react-devtools-shared\src\__tests__\preprocessData-test.js
Function Component,RefForwardingComponent,C:\Users\Francesco\PycharmProjects\FSS Software Evolution\FSS Software Evolution\react\packages\react-devtools-shared\src\__tests__\profilerChangeDescriptions-test.js
Concise Arrow Function Component,Parent,C:\Users\Francesco\PycharmProjects\FSS Software Evolution\FSS Software Evolution\react\packages\react-devtools-shared\src\__tests__\profilerContext-test.js
Concise Arrow Function Component,Parent,C:\Users\Francesco\PycharmProjects\FSS Software Evolution\FSS Software Evolution\react\packages\react-devtools-shared\src\__tests__\profilerContext-test.js
Concise Arrow Function Component,Parent,C:\Users\Francesco\PycharmProjects\FSS Software Evolution\FSS Software Evolution\react\packages\react-devtools-shared\src\__tests__\profilerContext-test.js
Concise Arrow Function Component,Parent,C:\Users\Francesco\PycharmProjects\FSS Software Evolution\FSS Software Evolution\react\packages\react-devtools-shared\src\__tests__\profilerContext-test.js
Concise Arrow Function Component,Parent,C:\Users\Francesco\PycharmProjects\FSS Software Evolution\FSS Software Evolution\react\packages\react-devtools-shared\src\__tests__\profilerContext-test.js
Concise Arrow Function Component,Parent,C:\Users\Francesco\PycharmProjects\FSS Software Evolution\FSS Software Evolution\react\packages\react-devtools-shared\src\__tests__\profilerContext-test.js
Concise Arrow Function Component,Child,C:\Users\Francesco\PycharmProjects\FSS Software Evolution\FSS Software Evolution\react\packages\react-devtools-shared\src\__tests__\profilerStore-test.js
Function Component,Child,C:\Users\Francesco\PycharmProjects\FSS Software Evolution\FSS Software Evolution\react\packages\react-devtools-shared\src\__tests__\profilingCache-test.js
Concise Arrow Function Component,About,C:\Users\Francesco\PycharmProjects\FSS Software Evolution\FSS Software Evolution\react\packages\react-devtools-shared\src\__tests__\profilingCache-test.js
Function Component,ClientComponent,C:\Users\Francesco\PycharmProjects\FSS Software Evolution\FSS Software Evolution\react\packages\react-devtools-shared\src\__tests__\store-test.js
Function Component,ClientComponent,C:\Users\Francesco\PycharmProjects\FSS Software Evolution\FSS Software Evolution\react\packages\react-devtools-shared\src\__tests__\store-test.js
Function Component,ClientComponent,C:\Users\Francesco\PycharmProjects\FSS Software Evolution\FSS Software Evolution\react\packages\react-devtools-shared\src\__tests__\store-test.js
Function Component,ClientComponent,C:\Users\Francesco\PycharmProjects\FSS Software Evolution\FSS Software Evolution\react\packages\react-devtools-shared\src\__tests__\store-test.js
Function Component,ClientComponent,C:\Users\Francesco\PycharmProjects\FSS Software Evolution\FSS Software Evolution\react\packages\react-devtools-shared\src\__tests__\store-test.js
Arrow Function Component,Component,C:\Users\Francesco\PycharmProjects\FSS Software Evolution\FSS Software Evolution\react\packages\react-devtools-shared\src\__tests__\store-test.js
Arrow Function Component,Component,C:\Users\Francesco\PycharmProjects\FSS Software Evolution\FSS Software Evolution\react\packages\react-devtools-shared\src\__tests__\store-test.js
Arrow Function Component,Component,C:\Users\Francesco\PycharmProjects\FSS Software Evolution\FSS Software Evolution\react\packages\react-devtools-shared\src\__tests__\store-test.js
Concise Arrow Function Component,Component,C:\Users\Francesco\PycharmProjects\FSS Software Evolution\FSS Software Evolution\react\packages\react-devtools-shared\src\__tests__\store-test.js
Concise Arrow Function Component,App,C:\Users\Francesco\PycharmProjects\FSS Software Evolution\FSS Software Evolution\react\packages\react-devtools-shared\src\__tests__\store-test.js
Concise Arrow Function Component,App,C:\Users\Francesco\PycharmProjects\FSS Software Evolution\FSS Software Evolution\react\packages\react-devtools-shared\src\__tests__\store-test.js
Concise Arrow Function Component,Child,C:\Users\Francesco\PycharmProjects\FSS Software Evolution\FSS Software Evolution\react\packages\react-devtools-shared\src\__tests__\store-test.js
Concise Arrow Function Component,Child,C:\Users\Francesco\PycharmProjects\FSS Software Evolution\FSS Software Evolution\react\packages\react-devtools-shared\src\__tests__\store-test.js
Concise Arrow Function Component,Child,C:\Users\Francesco\PycharmProjects\FSS Software Evolution\FSS Software Evolution\react\packages\react-devtools-shared\src\__tests__\store-test.js
Concise Arrow Function Component,Child,C:\Users\Francesco\PycharmProjects\FSS Software Evolution\FSS Software Evolution\react\packages\react-devtools-shared\src\__tests__\store-test.js
Concise Arrow Function Component,Loading,C:\Users\Francesco\PycharmProjects\FSS Software Evolution\FSS Software Evolution\react\packages\react-devtools-shared\src\__tests__\store-test.js
Concise Arrow Function Component,Loading,C:\Users\Francesco\PycharmProjects\FSS Software Evolution\FSS Software Evolution\react\packages\react-devtools-shared\src\__tests__\store-test.js
Concise Arrow Function Component,Loading,C:\Users\Francesco\PycharmProjects\FSS Software Evolution\FSS Software Evolution\react\packages\react-devtools-shared\src\__tests__\store-test.js
Concise Arrow Function Component,Child,C:\Users\Francesco\PycharmProjects\FSS Software Evolution\FSS Software Evolution\react\packages\react-devtools-shared\src\__tests__\store-test.js
Concise Arrow Function Component,Child,C:\Users\Francesco\PycharmProjects\FSS Software Evolution\FSS Software Evolution\react\packages\react-devtools-shared\src\__tests__\store-test.js
Concise Arrow Function Component,Child,C:\Users\Francesco\PycharmProjects\FSS Software Evolution\FSS Software Evolution\react\packages\react-devtools-shared\src\__tests__\store-test.js
Concise Arrow Function Component,Child,C:\Users\Francesco\PycharmProjects\FSS Software Evolution\FSS Software Evolution\react\packages\react-devtools-shared\src\__tests__\store-test.js
Concise Arrow Function Component,Child,C:\Users\Francesco\PycharmProjects\FSS Software Evolution\FSS Software Evolution\react\packages\react-devtools-shared\src\__tests__\store-test.js
Concise Arrow Function Component,Loading,C:\Users\Francesco\PycharmProjects\FSS Software Evolution\FSS Software Evolution\react\packages\react-devtools-shared\src\__tests__\store-test.js
Concise Arrow Function Component,Child,C:\Users\Francesco\PycharmProjects\FSS Software Evolution\FSS Software Evolution\react\packages\react-devtools-shared\src\__tests__\store-test.js
Concise Arrow Function Component,Parent,C:\Users\Francesco\PycharmProjects\FSS Software Evolution\FSS Software Evolution\react\packages\react-devtools-shared\src\__tests__\store-test.js
Concise Arrow Function Component,Parent,C:\Users\Francesco\PycharmProjects\FSS Software Evolution\FSS Software Evolution\react\packages\react-devtools-shared\src\__tests__\store-test.js
Concise Arrow Function Component,Grandparent,C:\Users\Francesco\PycharmProjects\FSS Software Evolution\FSS Software Evolution\react\packages\react-devtools-shared\src\__tests__\store-test.js
Concise Arrow Function Component,Parent,C:\Users\Francesco\PycharmProjects\FSS Software Evolution\FSS Software Evolution\react\packages\react-devtools-shared\src\__tests__\store-test.js
Concise Arrow Function Component,Grandparent,C:\Users\Francesco\PycharmProjects\FSS Software Evolution\FSS Software Evolution\react\packages\react-devtools-shared\src\__tests__\store-test.js
Concise Arrow Function Component,Parent,C:\Users\Francesco\PycharmProjects\FSS Software Evolution\FSS Software Evolution\react\packages\react-devtools-shared\src\__tests__\store-test.js
Concise Arrow Function Component,Grandparent,C:\Users\Francesco\PycharmProjects\FSS Software Evolution\FSS Software Evolution\react\packages\react-devtools-shared\src\__tests__\store-test.js
Concise Arrow Function Component,Parent,C:\Users\Francesco\PycharmProjects\FSS Software Evolution\FSS Software Evolution\react\packages\react-devtools-shared\src\__tests__\store-test.js
Class Component,ClassComponent,C:\Users\Francesco\PycharmProjects\FSS Software Evolution\FSS Software Evolution\react\packages\react-devtools-shared\src\__tests__\storeComponentFilters-test.js
Concise Arrow Function Component,FunctionComponent,C:\Users\Francesco\PycharmProjects\FSS Software Evolution\FSS Software Evolution\react\packages\react-devtools-shared\src\__tests__\storeComponentFilters-test.js
Concise Arrow Function Component,Component,C:\Users\Francesco\PycharmProjects\FSS Software Evolution\FSS Software Evolution\react\packages\react-devtools-shared\src\__tests__\storeComponentFilters-test.js
Concise Arrow Function Component,Foo,C:\Users\Francesco\PycharmProjects\FSS Software Evolution\FSS Software Evolution\react\packages\react-devtools-shared\src\__tests__\storeComponentFilters-test.js
Concise Arrow Function Component,Bar,C:\Users\Francesco\PycharmProjects\FSS Software Evolution\FSS Software Evolution\react\packages\react-devtools-shared\src\__tests__\storeComponentFilters-test.js
Concise Arrow Function Component,Baz,C:\Users\Francesco\PycharmProjects\FSS Software Evolution\FSS Software Evolution\react\packages\react-devtools-shared\src\__tests__\storeComponentFilters-test.js
Concise Arrow Function Component,Component,C:\Users\Francesco\PycharmProjects\FSS Software Evolution\FSS Software Evolution\react\packages\react-devtools-shared\src\__tests__\storeComponentFilters-test.js
Concise Arrow Function Component,Foo,C:\Users\Francesco\PycharmProjects\FSS Software Evolution\FSS Software Evolution\react\packages\react-devtools-shared\src\__tests__\storeComponentFilters-test.js
Concise Arrow Function Component,Bar,C:\Users\Francesco\PycharmProjects\FSS Software Evolution\FSS Software Evolution\react\packages\react-devtools-shared\src\__tests__\storeComponentFilters-test.js
Concise Arrow Function Component,Loading,C:\Users\Francesco\PycharmProjects\FSS Software Evolution\FSS Software Evolution\react\packages\react-devtools-shared\src\__tests__\storeComponentFilters-test.js
Concise Arrow Function Component,Leaf,C:\Users\Francesco\PycharmProjects\FSS Software Evolution\FSS Software Evolution\react\packages\react-devtools-shared\src\__tests__\storeOwners-test.js
Concise Arrow Function Component,Intermediate,C:\Users\Francesco\PycharmProjects\FSS Software Evolution\FSS Software Evolution\react\packages\react-devtools-shared\src\__tests__\storeOwners-test.js
Concise Arrow Function Component,Leaf,C:\Users\Francesco\PycharmProjects\FSS Software Evolution\FSS Software Evolution\react\packages\react-devtools-shared\src\__tests__\storeOwners-test.js
Concise Arrow Function Component,Leaf,C:\Users\Francesco\PycharmProjects\FSS Software Evolution\FSS Software Evolution\react\packages\react-devtools-shared\src\__tests__\storeOwners-test.js
Concise Arrow Function Component,Intermediate,C:\Users\Francesco\PycharmProjects\FSS Software Evolution\FSS Software Evolution\react\packages\react-devtools-shared\src\__tests__\storeOwners-test.js
Concise Arrow Function Component,Leaf,C:\Users\Francesco\PycharmProjects\FSS Software Evolution\FSS Software Evolution\react\packages\react-devtools-shared\src\__tests__\storeOwners-test.js
Class Component,ErrorBoundary,C:\Users\Francesco\PycharmProjects\FSS Software Evolution\FSS Software Evolution\react\packages\react-devtools-shared\src\__tests__\TimelineProfiler-test.js
Class Component,Example,C:\Users\Francesco\PycharmProjects\FSS Software Evolution\FSS Software Evolution\react\packages\react-devtools-shared\src\__tests__\TimelineProfiler-test.js
Class Component,Example,C:\Users\Francesco\PycharmProjects\FSS Software Evolution\FSS Software Evolution\react\packages\react-devtools-shared\src\__tests__\TimelineProfiler-test.js
Class Component,Example,C:\Users\Francesco\PycharmProjects\FSS Software Evolution\FSS Software Evolution\react\packages\react-devtools-shared\src\__tests__\TimelineProfiler-test.js
Class Component,Example,C:\Users\Francesco\PycharmProjects\FSS Software Evolution\FSS Software Evolution\react\packages\react-devtools-shared\src\__tests__\TimelineProfiler-test.js
Class Component,ErrorBoundary,C:\Users\Francesco\PycharmProjects\FSS Software Evolution\FSS Software Evolution\react\packages\react-devtools-shared\src\__tests__\TimelineProfiler-test.js
Class Component,ErrorBoundary,C:\Users\Francesco\PycharmProjects\FSS Software Evolution\FSS Software Evolution\react\packages\react-devtools-shared\src\__tests__\TimelineProfiler-test.js
Class Component,Example,C:\Users\Francesco\PycharmProjects\FSS Software Evolution\FSS Software Evolution\react\packages\react-devtools-shared\src\__tests__\TimelineProfiler-test.js
Class Component,Example,C:\Users\Francesco\PycharmProjects\FSS Software Evolution\FSS Software Evolution\react\packages\react-devtools-shared\src\__tests__\TimelineProfiler-test.js
Class Component,Example,C:\Users\Francesco\PycharmProjects\FSS Software Evolution\FSS Software Evolution\react\packages\react-devtools-shared\src\__tests__\TimelineProfiler-test.js
Class Component,Example,C:\Users\Francesco\PycharmProjects\FSS Software Evolution\FSS Software Evolution\react\packages\react-devtools-shared\src\__tests__\TimelineProfiler-test.js
Class Component,ErrorBoundary,C:\Users\Francesco\PycharmProjects\FSS Software Evolution\FSS Software Evolution\react\packages\react-devtools-shared\src\__tests__\TimelineProfiler-test.js
Class Component,ErrorBoundary,C:\Users\Francesco\PycharmProjects\FSS Software Evolution\FSS Software Evolution\react\packages\react-devtools-shared\src\__tests__\treeContext-test.js
Class Component,BadRender,C:\Users\Francesco\PycharmProjects\FSS Software Evolution\FSS Software Evolution\react\packages\react-devtools-shared\src\__tests__\treeContext-test.js
Class Component,ErrorBoundary,C:\Users\Francesco\PycharmProjects\FSS Software Evolution\FSS Software Evolution\react\packages\react-devtools-shared\src\__tests__\treeContext-test.js
Class Component,LogsWarning,C:\Users\Francesco\PycharmProjects\FSS Software Evolution\FSS Software Evolution\react\packages\react-devtools-shared\src\__tests__\treeContext-test.js
Class Component,ThrowsError,C:\Users\Francesco\PycharmProjects\FSS Software Evolution\FSS Software Evolution\react\packages\react-devtools-shared\src\__tests__\treeContext-test.js
Class Component,ErrorBoundary,C:\Users\Francesco\PycharmProjects\FSS Software Evolution\FSS Software Evolution\react\packages\react-devtools-shared\src\__tests__\treeContext-test.js
Class Component,BadRender,C:\Users\Francesco\PycharmProjects\FSS Software Evolution\FSS Software Evolution\react\packages\react-devtools-shared\src\__tests__\treeContext-test.js
Concise Arrow Function Component,Grandparent,C:\Users\Francesco\PycharmProjects\FSS Software Evolution\FSS Software Evolution\react\packages\react-devtools-shared\src\__tests__\treeContext-test.js
Concise Arrow Function Component,Grandparent,C:\Users\Francesco\PycharmProjects\FSS Software Evolution\FSS Software Evolution\react\packages\react-devtools-shared\src\__tests__\treeContext-test.js
Concise Arrow Function Component,Grandparent,C:\Users\Francesco\PycharmProjects\FSS Software Evolution\FSS Software Evolution\react\packages\react-devtools-shared\src\__tests__\treeContext-test.js
Concise Arrow Function Component,Fallback,C:\Users\Francesco\PycharmProjects\FSS Software Evolution\FSS Software Evolution\react\packages\react-devtools-shared\src\__tests__\treeContext-test.js
Class Component,ClassComponent,C:\Users\Francesco\PycharmProjects\FSS Software Evolution\FSS Software Evolution\react\packages\react-devtools-shared\src\__tests__\legacy\editing-test.js
Class Component,ClassComponent,C:\Users\Francesco\PycharmProjects\FSS Software Evolution\FSS Software Evolution\react\packages\react-devtools-shared\src\__tests__\legacy\editing-test.js
Class Component,LegacyContextProvider,C:\Users\Francesco\PycharmProjects\FSS Software Evolution\FSS Software Evolution\react\packages\react-devtools-shared\src\__tests__\legacy\editing-test.js
Class Component,ClassComponent,C:\Users\Francesco\PycharmProjects\FSS Software Evolution\FSS Software Evolution\react\packages\react-devtools-shared\src\__tests__\legacy\editing-test.js
Function Component,HOC,C:\Users\Francesco\PycharmProjects\FSS Software Evolution\FSS Software Evolution\react\packages\react-devtools-shell\src\app\DeeplyNestedComponents\index.js
Function Component,Nested,C:\Users\Francesco\PycharmProjects\FSS Software Evolution\FSS Software Evolution\react\packages\react-devtools-shell\src\app\DeeplyNestedComponents\index.js
Function Component,NamedInnerFunction,C:\Users\Francesco\PycharmProjects\FSS Software Evolution\FSS Software Evolution\react\packages\react-devtools-shell\src\app\ElementTypes\index.js
Class Component,ErrorBoundary,C:\Users\Francesco\PycharmProjects\FSS Software Evolution\FSS Software Evolution\react\packages\react-devtools-shell\src\app\ErrorBoundaries\index.js
Function Component,Component,C:\Users\Francesco\PycharmProjects\FSS Software Evolution\FSS Software Evolution\react\packages\react-devtools-shell\src\app\ErrorBoundaries\index.js
Function Component,ReactErrorOnHostComponent,C:\Users\Francesco\PycharmProjects\FSS Software Evolution\FSS Software Evolution\react\packages\react-devtools-shell\src\app\InlineWarnings\index.js
Class Component,LegacyContext,C:\Users\Francesco\PycharmProjects\FSS Software Evolution\FSS Software Evolution\react\packages\react-devtools-shell\src\app\InspectableElements\Contexts.js
Class Component,ErrorBoundary,C:\Users\Francesco\PycharmProjects\FSS Software Evolution\FSS Software Evolution\react\packages\react-devtools-shell\src\app\InspectableElements\CustomHooks.js
Function Component,Hoc,C:\Users\Francesco\PycharmProjects\FSS Software Evolution\FSS Software Evolution\react\packages\react-devtools-shell\src\app\InspectableElements\CustomHooks.js
Function Component,Child,C:\Users\Francesco\PycharmProjects\FSS Software Evolution\FSS Software Evolution\react\packages\react-devtools-shell\src\app\PartiallyStrictApp\index.js
Function Component,StrictChild,C:\Users\Francesco\PycharmProjects\FSS Software Evolution\FSS Software Evolution\react\packages\react-devtools-shell\src\app\PartiallyStrictApp\index.js
Function Component,EmptySuspense,C:\Users\Francesco\PycharmProjects\FSS Software Evolution\FSS Software Evolution\react\packages\react-devtools-shell\src\app\SuspenseTree\index.js
Function Component,Fallback1,C:\Users\Francesco\PycharmProjects\FSS Software Evolution\FSS Software Evolution\react\packages\react-devtools-shell\src\app\SuspenseTree\index.js
Function Component,Fallback2,C:\Users\Francesco\PycharmProjects\FSS Software Evolution\FSS Software Evolution\react\packages\react-devtools-shell\src\app\SuspenseTree\index.js
Function Component,Primary1,C:\Users\Francesco\PycharmProjects\FSS Software Evolution\FSS Software Evolution\react\packages\react-devtools-shell\src\app\SuspenseTree\index.js
Function Component,Primary2,C:\Users\Francesco\PycharmProjects\FSS Software Evolution\FSS Software Evolution\react\packages\react-devtools-shell\src\app\SuspenseTree\index.js
Function Component,Greeting,C:\Users\Francesco\PycharmProjects\FSS Software Evolution\FSS Software Evolution\react\packages\react-devtools-shell\src\app\Toggle\index.js
Function Component,ListItem,C:\Users\Francesco\PycharmProjects\FSS Software Evolution\FSS Software Evolution\react\packages\react-devtools-shell\src\e2e-apps\ListApp.js
Class Component,List,C:\Users\Francesco\PycharmProjects\FSS Software Evolution\FSS Software Evolution\react\packages\react-devtools-shell\src\e2e-apps\ListAppLegacy.js
Function Component,ListItem,C:\Users\Francesco\PycharmProjects\FSS Software Evolution\FSS Software Evolution\react\packages\react-devtools-shell\src\e2e-apps\ListAppLegacy.js
Class Component,Component,C:\Users\Francesco\PycharmProjects\FSS Software Evolution\FSS Software Evolution\react\packages\react-dom\src\client\__tests__\trustedTypes-test.internal.js
Class Component,ControlledInput,C:\Users\Francesco\PycharmProjects\FSS Software Evolution\FSS Software Evolution\react\packages\react-dom\src\events\plugins\__tests__\ChangeEventPlugin-test.js
Class Component,ControlledInput,C:\Users\Francesco\PycharmProjects\FSS Software Evolution\FSS Software Evolution\react\packages\react-dom\src\events\plugins\__tests__\ChangeEventPlugin-test.js
Class Component,ControlledTextarea,C:\Users\Francesco\PycharmProjects\FSS Software Evolution\FSS Software Evolution\react\packages\react-dom\src\events\plugins\__tests__\ChangeEventPlugin-test.js
Class Component,ControlledInput,C:\Users\Francesco\PycharmProjects\FSS Software Evolution\FSS Software Evolution\react\packages\react-dom\src\events\plugins\__tests__\ChangeEventPlugin-test.js
Class Component,ControlledInput,C:\Users\Francesco\PycharmProjects\FSS Software Evolution\FSS Software Evolution\react\packages\react-dom\src\events\plugins\__tests__\ChangeEventPlugin-test.js
Class Component,Parent,C:\Users\Francesco\PycharmProjects\FSS Software Evolution\FSS Software Evolution\react\packages\react-dom\src\events\plugins\__tests__\EnterLeaveEventPlugin-test.js
Class Component,Parent,C:\Users\Francesco\PycharmProjects\FSS Software Evolution\FSS Software Evolution\react\packages\react-dom\src\events\plugins\__tests__\EnterLeaveEventPlugin-test.js
Class Component,MouseEnterDetect,C:\Users\Francesco\PycharmProjects\FSS Software Evolution\FSS Software Evolution\react\packages\react-dom\src\events\plugins\__tests__\EnterLeaveEventPlugin-test.js
Class Component,Parent,C:\Users\Francesco\PycharmProjects\FSS Software Evolution\FSS Software Evolution\react\packages\react-dom\src\events\plugins\__tests__\EnterLeaveEventPlugin-test.js
Class Component,MouseEnterDetect,C:\Users\Francesco\PycharmProjects\FSS Software Evolution\FSS Software Evolution\react\packages\react-dom\src\events\plugins\__tests__\EnterLeaveEventPlugin-test.js
Class Component,Button,C:\Users\Francesco\PycharmProjects\FSS Software Evolution\FSS Software Evolution\react\packages\react-dom\src\events\plugins\__tests__\SimpleEventPlugin-test.js
Class Component,Button,C:\Users\Francesco\PycharmProjects\FSS Software Evolution\FSS Software Evolution\react\packages\react-dom\src\events\plugins\__tests__\SimpleEventPlugin-test.js
Class Component,Button,C:\Users\Francesco\PycharmProjects\FSS Software Evolution\FSS Software Evolution\react\packages\react-dom\src\events\plugins\__tests__\SimpleEventPlugin-test.js
Function Component,Test,C:\Users\Francesco\PycharmProjects\FSS Software Evolution\FSS Software Evolution\react\packages\react-dom\src\events\__tests__\DOMPluginEventSystem-test.internal.js
Function Component,Child,C:\Users\Francesco\PycharmProjects\FSS Software Evolution\FSS Software Evolution\react\packages\react-dom\src\events\__tests__\DOMPluginEventSystem-test.internal.js
Function Component,Parent,C:\Users\Francesco\PycharmProjects\FSS Software Evolution\FSS Software Evolution\react\packages\react-dom\src\events\__tests__\DOMPluginEventSystem-test.internal.js
Function Component,Child,C:\Users\Francesco\PycharmProjects\FSS Software Evolution\FSS Software Evolution\react\packages\react-dom\src\events\__tests__\DOMPluginEventSystem-test.internal.js
Class Component,Comp,C:\Users\Francesco\PycharmProjects\FSS Software Evolution\FSS Software Evolution\react\packages\react-dom\src\events\__tests__\getEventKey-test.js
Class Component,Comp,C:\Users\Francesco\PycharmProjects\FSS Software Evolution\FSS Software Evolution\react\packages\react-dom\src\events\__tests__\getEventKey-test.js
Class Component,Comp,C:\Users\Francesco\PycharmProjects\FSS Software Evolution\FSS Software Evolution\react\packages\react-dom\src\events\__tests__\getEventKey-test.js
Class Component,Comp,C:\Users\Francesco\PycharmProjects\FSS Software Evolution\FSS Software Evolution\react\packages\react-dom\src\events\__tests__\getEventKey-test.js
Class Component,Comp,C:\Users\Francesco\PycharmProjects\FSS Software Evolution\FSS Software Evolution\react\packages\react-dom\src\events\__tests__\getEventKey-test.js
Class Component,Comp,C:\Users\Francesco\PycharmProjects\FSS Software Evolution\FSS Software Evolution\react\packages\react-dom\src\events\__tests__\getEventKey-test.js
Class Component,Comp,C:\Users\Francesco\PycharmProjects\FSS Software Evolution\FSS Software Evolution\react\packages\react-dom\src\__tests__\CSSPropertyOperations-test.js
Class Component,Comp,C:\Users\Francesco\PycharmProjects\FSS Software Evolution\FSS Software Evolution\react\packages\react-dom\src\__tests__\CSSPropertyOperations-test.js
Class Component,Comp,C:\Users\Francesco\PycharmProjects\FSS Software Evolution\FSS Software Evolution\react\packages\react-dom\src\__tests__\CSSPropertyOperations-test.js
Class Component,Comp,C:\Users\Francesco\PycharmProjects\FSS Software Evolution\FSS Software Evolution\react\packages\react-dom\src\__tests__\CSSPropertyOperations-test.js
Class Component,Comp,C:\Users\Francesco\PycharmProjects\FSS Software Evolution\FSS Software Evolution\react\packages\react-dom\src\__tests__\CSSPropertyOperations-test.js
Class Component,Comp,C:\Users\Francesco\PycharmProjects\FSS Software Evolution\FSS Software Evolution\react\packages\react-dom\src\__tests__\CSSPropertyOperations-test.js
Class Component,Comp,C:\Users\Francesco\PycharmProjects\FSS Software Evolution\FSS Software Evolution\react\packages\react-dom\src\__tests__\CSSPropertyOperations-test.js
Class Component,Comp,C:\Users\Francesco\PycharmProjects\FSS Software Evolution\FSS Software Evolution\react\packages\react-dom\src\__tests__\CSSPropertyOperations-test.js
Function Component,Test,C:\Users\Francesco\PycharmProjects\FSS Software Evolution\FSS Software Evolution\react\packages\react-dom\src\__tests__\DOMPropertyOperations-test.js
Function Component,Test,C:\Users\Francesco\PycharmProjects\FSS Software Evolution\FSS Software Evolution\react\packages\react-dom\src\__tests__\DOMPropertyOperations-test.js
Function Component,Test,C:\Users\Francesco\PycharmProjects\FSS Software Evolution\FSS Software Evolution\react\packages\react-dom\src\__tests__\DOMPropertyOperations-test.js
Function Component,Test,C:\Users\Francesco\PycharmProjects\FSS Software Evolution\FSS Software Evolution\react\packages\react-dom\src\__tests__\DOMPropertyOperations-test.js
Function Component,Test,C:\Users\Francesco\PycharmProjects\FSS Software Evolution\FSS Software Evolution\react\packages\react-dom\src\__tests__\DOMPropertyOperations-test.js
Class Component,MyNode,C:\Users\Francesco\PycharmProjects\FSS Software Evolution\FSS Software Evolution\react\packages\react-dom\src\__tests__\findDOMNodeFB-test.js
Class Component,MyNode,C:\Users\Francesco\PycharmProjects\FSS Software Evolution\FSS Software Evolution\react\packages\react-dom\src\__tests__\findDOMNodeFB-test.js
Class Component,Foo,C:\Users\Francesco\PycharmProjects\FSS Software Evolution\FSS Software Evolution\react\packages\react-dom\src\__tests__\findDOMNodeFB-test.js
Class Component,Bar,C:\Users\Francesco\PycharmProjects\FSS Software Evolution\FSS Software Evolution\react\packages\react-dom\src\__tests__\findDOMNodeFB-test.js
Class Component,ContainsStrictModeChild,C:\Users\Francesco\PycharmProjects\FSS Software Evolution\FSS Software Evolution\react\packages\react-dom\src\__tests__\findDOMNodeFB-test.js
Class Component,IsInStrictMode,C:\Users\Francesco\PycharmProjects\FSS Software Evolution\FSS Software Evolution\react\packages\react-dom\src\__tests__\findDOMNodeFB-test.js
Class Component,ChildWrapper,C:\Users\Francesco\PycharmProjects\FSS Software Evolution\FSS Software Evolution\react\packages\react-dom\src\__tests__\ReactBrowserEventEmitter-test.js
Function Component,Child,C:\Users\Francesco\PycharmProjects\FSS Software Evolution\FSS Software Evolution\react\packages\react-dom\src\__tests__\ReactBrowserEventEmitter-test.js
Class Component,Component,C:\Users\Francesco\PycharmProjects\FSS Software Evolution\FSS Software Evolution\react\packages\react-dom\src\__tests__\ReactChildReconciler-test.js
Class Component,Component,C:\Users\Francesco\PycharmProjects\FSS Software Evolution\FSS Software Evolution\react\packages\react-dom\src\__tests__\ReactChildReconciler-test.js
Class Component,Parent,C:\Users\Francesco\PycharmProjects\FSS Software Evolution\FSS Software Evolution\react\packages\react-dom\src\__tests__\ReactChildReconciler-test.js
Class Component,GrandParent,C:\Users\Francesco\PycharmProjects\FSS Software Evolution\FSS Software Evolution\react\packages\react-dom\src\__tests__\ReactChildReconciler-test.js
Class Component,Component,C:\Users\Francesco\PycharmProjects\FSS Software Evolution\FSS Software Evolution\react\packages\react-dom\src\__tests__\ReactChildReconciler-test.js
Class Component,Component,C:\Users\Francesco\PycharmProjects\FSS Software Evolution\FSS Software Evolution\react\packages\react-dom\src\__tests__\ReactChildReconciler-test.js
Class Component,Parent,C:\Users\Francesco\PycharmProjects\FSS Software Evolution\FSS Software Evolution\react\packages\react-dom\src\__tests__\ReactChildReconciler-test.js
Class Component,GrandParent,C:\Users\Francesco\PycharmProjects\FSS Software Evolution\FSS Software Evolution\react\packages\react-dom\src\__tests__\ReactChildReconciler-test.js
Class Component,Component,C:\Users\Francesco\PycharmProjects\FSS Software Evolution\FSS Software Evolution\react\packages\react-dom\src\__tests__\ReactClassComponentPropResolutionFizz-test.js
Class Component,Wrapper,C:\Users\Francesco\PycharmProjects\FSS Software Evolution\FSS Software Evolution\react\packages\react-dom\src\__tests__\ReactComponent-test.js
Class Component,Parent,C:\Users\Francesco\PycharmProjects\FSS Software Evolution\FSS Software Evolution\react\packages\react-dom\src\__tests__\ReactComponent-test.js
Class Component,Child,C:\Users\Francesco\PycharmProjects\FSS Software Evolution\FSS Software Evolution\react\packages\react-dom\src\__tests__\ReactComponent-test.js
Class Component,Wrapper,C:\Users\Francesco\PycharmProjects\FSS Software Evolution\FSS Software Evolution\react\packages\react-dom\src\__tests__\ReactComponent-test.js
Class Component,Component,C:\Users\Francesco\PycharmProjects\FSS Software Evolution\FSS Software Evolution\react\packages\react-dom\src\__tests__\ReactComponent-test.js
Class Component,Wrapper,C:\Users\Francesco\PycharmProjects\FSS Software Evolution\FSS Software Evolution\react\packages\react-dom\src\__tests__\ReactComponent-test.js
Class Component,Component,C:\Users\Francesco\PycharmProjects\FSS Software Evolution\FSS Software Evolution\react\packages\react-dom\src\__tests__\ReactComponent-test.js
Class Component,Wrapper,C:\Users\Francesco\PycharmProjects\FSS Software Evolution\FSS Software Evolution\react\packages\react-dom\src\__tests__\ReactComponent-test.js
Class Component,Component,C:\Users\Francesco\PycharmProjects\FSS Software Evolution\FSS Software Evolution\react\packages\react-dom\src\__tests__\ReactComponent-test.js
Class Component,Inner,C:\Users\Francesco\PycharmProjects\FSS Software Evolution\FSS Software Evolution\react\packages\react-dom\src\__tests__\ReactComponent-test.js
Class Component,Outer,C:\Users\Francesco\PycharmProjects\FSS Software Evolution\FSS Software Evolution\react\packages\react-dom\src\__tests__\ReactComponent-test.js
Class Component,Foo,C:\Users\Francesco\PycharmProjects\FSS Software Evolution\FSS Software Evolution\react\packages\react-dom\src\__tests__\ReactComponent-test.js
Class Component,Foo,C:\Users\Francesco\PycharmProjects\FSS Software Evolution\FSS Software Evolution\react\packages\react-dom\src\__tests__\ReactComponent-test.js
Class Component,Foo,C:\Users\Francesco\PycharmProjects\FSS Software Evolution\FSS Software Evolution\react\packages\react-dom\src\__tests__\ReactComponent-test.js
Class Component,Foo,C:\Users\Francesco\PycharmProjects\FSS Software Evolution\FSS Software Evolution\react\packages\react-dom\src\__tests__\ReactComponent-test.js
Function Component,Indirection,C:\Users\Francesco\PycharmProjects\FSS Software Evolution\FSS Software Evolution\react\packages\react-dom\src\__tests__\ReactComponent-test.js
Function Component,Foo,C:\Users\Francesco\PycharmProjects\FSS Software Evolution\FSS Software Evolution\react\packages\react-dom\src\__tests__\ReactComponent-test.js
Function Component,Foo,C:\Users\Francesco\PycharmProjects\FSS Software Evolution\FSS Software Evolution\react\packages\react-dom\src\__tests__\ReactComponent-test.js
Class Component,StatefulComponent,C:\Users\Francesco\PycharmProjects\FSS Software Evolution\FSS Software Evolution\react\packages\react-dom\src\__tests__\ReactComponentLifeCycle-test.js
Class Component,Child,C:\Users\Francesco\PycharmProjects\FSS Software Evolution\FSS Software Evolution\react\packages\react-dom\src\__tests__\ReactComponentLifeCycle-test.js
Class Component,SwitcherParent,C:\Users\Francesco\PycharmProjects\FSS Software Evolution\FSS Software Evolution\react\packages\react-dom\src\__tests__\ReactComponentLifeCycle-test.js
Class Component,StatefulComponent,C:\Users\Francesco\PycharmProjects\FSS Software Evolution\FSS Software Evolution\react\packages\react-dom\src\__tests__\ReactComponentLifeCycle-test.js
Class Component,StatefulComponent,C:\Users\Francesco\PycharmProjects\FSS Software Evolution\FSS Software Evolution\react\packages\react-dom\src\__tests__\ReactComponentLifeCycle-test.js
Class Component,StatefulComponent,C:\Users\Francesco\PycharmProjects\FSS Software Evolution\FSS Software Evolution\react\packages\react-dom\src\__tests__\ReactComponentLifeCycle-test.js
Class Component,StatefulComponent,C:\Users\Francesco\PycharmProjects\FSS Software Evolution\FSS Software Evolution\react\packages\react-dom\src\__tests__\ReactComponentLifeCycle-test.js
Class Component,Component,C:\Users\Francesco\PycharmProjects\FSS Software Evolution\FSS Software Evolution\react\packages\react-dom\src\__tests__\ReactComponentLifeCycle-test.js
Class Component,Component,C:\Users\Francesco\PycharmProjects\FSS Software Evolution\FSS Software Evolution\react\packages\react-dom\src\__tests__\ReactComponentLifeCycle-test.js
Class Component,Component,C:\Users\Francesco\PycharmProjects\FSS Software Evolution\FSS Software Evolution\react\packages\react-dom\src\__tests__\ReactComponentLifeCycle-test.js
Class Component,Component,C:\Users\Francesco\PycharmProjects\FSS Software Evolution\FSS Software Evolution\react\packages\react-dom\src\__tests__\ReactComponentLifeCycle-test.js
Class Component,LifeCycleComponent,C:\Users\Francesco\PycharmProjects\FSS Software Evolution\FSS Software Evolution\react\packages\react-dom\src\__tests__\ReactComponentLifeCycle-test.js
Class Component,Tooltip,C:\Users\Francesco\PycharmProjects\FSS Software Evolution\FSS Software Evolution\react\packages\react-dom\src\__tests__\ReactComponentLifeCycle-test.js
Class Component,Component,C:\Users\Francesco\PycharmProjects\FSS Software Evolution\FSS Software Evolution\react\packages\react-dom\src\__tests__\ReactComponentLifeCycle-test.js
Class Component,SetStateInComponentDidMount,C:\Users\Francesco\PycharmProjects\FSS Software Evolution\FSS Software Evolution\react\packages\react-dom\src\__tests__\ReactComponentLifeCycle-test.js
Class Component,Outer,C:\Users\Francesco\PycharmProjects\FSS Software Evolution\FSS Software Evolution\react\packages\react-dom\src\__tests__\ReactComponentLifeCycle-test.js
Class Component,Inner,C:\Users\Francesco\PycharmProjects\FSS Software Evolution\FSS Software Evolution\react\packages\react-dom\src\__tests__\ReactComponentLifeCycle-test.js
Class Component,Outer,C:\Users\Francesco\PycharmProjects\FSS Software Evolution\FSS Software Evolution\react\packages\react-dom\src\__tests__\ReactComponentLifeCycle-test.js
Class Component,Inner,C:\Users\Francesco\PycharmProjects\FSS Software Evolution\FSS Software Evolution\react\packages\react-dom\src\__tests__\ReactComponentLifeCycle-test.js
Class Component,Component,C:\Users\Francesco\PycharmProjects\FSS Software Evolution\FSS Software Evolution\react\packages\react-dom\src\__tests__\ReactComponentLifeCycle-test.js
Class Component,Component,C:\Users\Francesco\PycharmProjects\FSS Software Evolution\FSS Software Evolution\react\packages\react-dom\src\__tests__\ReactComponentLifeCycle-test.js
Class Component,Component,C:\Users\Francesco\PycharmProjects\FSS Software Evolution\FSS Software Evolution\react\packages\react-dom\src\__tests__\ReactComponentLifeCycle-test.js
Class Component,AllLegacyLifecycles,C:\Users\Francesco\PycharmProjects\FSS Software Evolution\FSS Software Evolution\react\packages\react-dom\src\__tests__\ReactComponentLifeCycle-test.js
Class Component,WillMount,C:\Users\Francesco\PycharmProjects\FSS Software Evolution\FSS Software Evolution\react\packages\react-dom\src\__tests__\ReactComponentLifeCycle-test.js
Class Component,WillMountAndUpdate,C:\Users\Francesco\PycharmProjects\FSS Software Evolution\FSS Software Evolution\react\packages\react-dom\src\__tests__\ReactComponentLifeCycle-test.js
Class Component,WillReceiveProps,C:\Users\Francesco\PycharmProjects\FSS Software Evolution\FSS Software Evolution\react\packages\react-dom\src\__tests__\ReactComponentLifeCycle-test.js
Class Component,AllLegacyLifecycles,C:\Users\Francesco\PycharmProjects\FSS Software Evolution\FSS Software Evolution\react\packages\react-dom\src\__tests__\ReactComponentLifeCycle-test.js
Class Component,WillMount,C:\Users\Francesco\PycharmProjects\FSS Software Evolution\FSS Software Evolution\react\packages\react-dom\src\__tests__\ReactComponentLifeCycle-test.js
Class Component,WillMountAndUpdate,C:\Users\Francesco\PycharmProjects\FSS Software Evolution\FSS Software Evolution\react\packages\react-dom\src\__tests__\ReactComponentLifeCycle-test.js
Class Component,WillReceiveProps,C:\Users\Francesco\PycharmProjects\FSS Software Evolution\FSS Software Evolution\react\packages\react-dom\src\__tests__\ReactComponentLifeCycle-test.js
Class Component,MyComponent,C:\Users\Francesco\PycharmProjects\FSS Software Evolution\FSS Software Evolution\react\packages\react-dom\src\__tests__\ReactComponentLifeCycle-test.js
Class Component,MyComponent,C:\Users\Francesco\PycharmProjects\FSS Software Evolution\FSS Software Evolution\react\packages\react-dom\src\__tests__\ReactComponentLifeCycle-test.js
Class Component,MyComponent,C:\Users\Francesco\PycharmProjects\FSS Software Evolution\FSS Software Evolution\react\packages\react-dom\src\__tests__\ReactComponentLifeCycle-test.js
Class Component,Child,C:\Users\Francesco\PycharmProjects\FSS Software Evolution\FSS Software Evolution\react\packages\react-dom\src\__tests__\ReactComponentLifeCycle-test.js
Class Component,Parent,C:\Users\Francesco\PycharmProjects\FSS Software Evolution\FSS Software Evolution\react\packages\react-dom\src\__tests__\ReactComponentLifeCycle-test.js
Class Component,MyComponent,C:\Users\Francesco\PycharmProjects\FSS Software Evolution\FSS Software Evolution\react\packages\react-dom\src\__tests__\ReactComponentLifeCycle-test.js
Class Component,SimpleComponent,C:\Users\Francesco\PycharmProjects\FSS Software Evolution\FSS Software Evolution\react\packages\react-dom\src\__tests__\ReactComponentLifeCycle-test.js
Class Component,MyComponent,C:\Users\Francesco\PycharmProjects\FSS Software Evolution\FSS Software Evolution\react\packages\react-dom\src\__tests__\ReactComponentLifeCycle-test.js
Class Component,MyComponent,C:\Users\Francesco\PycharmProjects\FSS Software Evolution\FSS Software Evolution\react\packages\react-dom\src\__tests__\ReactComponentLifeCycle-test.js
Class Component,MyComponent,C:\Users\Francesco\PycharmProjects\FSS Software Evolution\FSS Software Evolution\react\packages\react-dom\src\__tests__\ReactComponentLifeCycle-test.js
Class Component,MyComponent,C:\Users\Francesco\PycharmProjects\FSS Software Evolution\FSS Software Evolution\react\packages\react-dom\src\__tests__\ReactComponentLifeCycle-test.js
Class Component,PolyfilledComponent,C:\Users\Francesco\PycharmProjects\FSS Software Evolution\FSS Software Evolution\react\packages\react-dom\src\__tests__\ReactComponentLifeCycle-test.js
Class Component,PolyfilledComponent,C:\Users\Francesco\PycharmProjects\FSS Software Evolution\FSS Software Evolution\react\packages\react-dom\src\__tests__\ReactComponentLifeCycle-test.js
Class Component,Component,C:\Users\Francesco\PycharmProjects\FSS Software Evolution\FSS Software Evolution\react\packages\react-dom\src\__tests__\ReactCompositeComponent-test.js
Class Component,Component,C:\Users\Francesco\PycharmProjects\FSS Software Evolution\FSS Software Evolution\react\packages\react-dom\src\__tests__\ReactCompositeComponent-test.js
Class Component,MyComponent,C:\Users\Francesco\PycharmProjects\FSS Software Evolution\FSS Software Evolution\react\packages\react-dom\src\__tests__\ReactCompositeComponent-test.js
Class Component,MyComponent,C:\Users\Francesco\PycharmProjects\FSS Software Evolution\FSS Software Evolution\react\packages\react-dom\src\__tests__\ReactCompositeComponent-test.js
Class Component,Component,C:\Users\Francesco\PycharmProjects\FSS Software Evolution\FSS Software Evolution\react\packages\react-dom\src\__tests__\ReactCompositeComponent-test.js
Class Component,Component,C:\Users\Francesco\PycharmProjects\FSS Software Evolution\FSS Software Evolution\react\packages\react-dom\src\__tests__\ReactCompositeComponent-test.js
Class Component,Component,C:\Users\Francesco\PycharmProjects\FSS Software Evolution\FSS Software Evolution\react\packages\react-dom\src\__tests__\ReactCompositeComponent-test.js
Class Component,Component,C:\Users\Francesco\PycharmProjects\FSS Software Evolution\FSS Software Evolution\react\packages\react-dom\src\__tests__\ReactCompositeComponent-test.js
Class Component,BadComponent,C:\Users\Francesco\PycharmProjects\FSS Software Evolution\FSS Software Evolution\react\packages\react-dom\src\__tests__\ReactCompositeComponent-test.js
Class Component,Component,C:\Users\Francesco\PycharmProjects\FSS Software Evolution\FSS Software Evolution\react\packages\react-dom\src\__tests__\ReactCompositeComponent-test.js
Class Component,Inner,C:\Users\Francesco\PycharmProjects\FSS Software Evolution\FSS Software Evolution\react\packages\react-dom\src\__tests__\ReactCompositeComponent-test.js
Class Component,ClassComponent,C:\Users\Francesco\PycharmProjects\FSS Software Evolution\FSS Software Evolution\react\packages\react-dom\src\__tests__\ReactCompositeComponent-test.js
Class Component,Component,C:\Users\Francesco\PycharmProjects\FSS Software Evolution\FSS Software Evolution\react\packages\react-dom\src\__tests__\ReactCompositeComponent-test.js
Class Component,Component,C:\Users\Francesco\PycharmProjects\FSS Software Evolution\FSS Software Evolution\react\packages\react-dom\src\__tests__\ReactCompositeComponent-test.js
Class Component,Component,C:\Users\Francesco\PycharmProjects\FSS Software Evolution\FSS Software Evolution\react\packages\react-dom\src\__tests__\ReactCompositeComponent-test.js
Class Component,Parent,C:\Users\Francesco\PycharmProjects\FSS Software Evolution\FSS Software Evolution\react\packages\react-dom\src\__tests__\ReactCompositeComponent-test.js
Class Component,Child,C:\Users\Francesco\PycharmProjects\FSS Software Evolution\FSS Software Evolution\react\packages\react-dom\src\__tests__\ReactCompositeComponent-test.js
Class Component,Inner,C:\Users\Francesco\PycharmProjects\FSS Software Evolution\FSS Software Evolution\react\packages\react-dom\src\__tests__\ReactCompositeComponent-test.js
Class Component,Outer,C:\Users\Francesco\PycharmProjects\FSS Software Evolution\FSS Software Evolution\react\packages\react-dom\src\__tests__\ReactCompositeComponent-test.js
Class Component,Component,C:\Users\Francesco\PycharmProjects\FSS Software Evolution\FSS Software Evolution\react\packages\react-dom\src\__tests__\ReactCompositeComponent-test.js
Class Component,Component,C:\Users\Francesco\PycharmProjects\FSS Software Evolution\FSS Software Evolution\react\packages\react-dom\src\__tests__\ReactCompositeComponent-test.js
Class Component,Foo,C:\Users\Francesco\PycharmProjects\FSS Software Evolution\FSS Software Evolution\react\packages\react-dom\src\__tests__\ReactCompositeComponent-test.js
Class Component,App,C:\Users\Francesco\PycharmProjects\FSS Software Evolution\FSS Software Evolution\react\packages\react-dom\src\__tests__\ReactCompositeComponent-test.js
Class Component,UnunmountableComponent,C:\Users\Francesco\PycharmProjects\FSS Software Evolution\FSS Software Evolution\react\packages\react-dom\src\__tests__\ReactCompositeComponent-test.js
Class Component,Spy,C:\Users\Francesco\PycharmProjects\FSS Software Evolution\FSS Software Evolution\react\packages\react-dom\src\__tests__\ReactCompositeComponent-test.js
Class Component,Wrapper,C:\Users\Francesco\PycharmProjects\FSS Software Evolution\FSS Software Evolution\react\packages\react-dom\src\__tests__\ReactCompositeComponent-test.js
Class Component,PlasticWrap,C:\Users\Francesco\PycharmProjects\FSS Software Evolution\FSS Software Evolution\react\packages\react-dom\src\__tests__\ReactCompositeComponent-test.js
Class Component,Apple,C:\Users\Francesco\PycharmProjects\FSS Software Evolution\FSS Software Evolution\react\packages\react-dom\src\__tests__\ReactCompositeComponent-test.js
Class Component,Component,C:\Users\Francesco\PycharmProjects\FSS Software Evolution\FSS Software Evolution\react\packages\react-dom\src\__tests__\ReactCompositeComponent-test.js
Class Component,Component,C:\Users\Francesco\PycharmProjects\FSS Software Evolution\FSS Software Evolution\react\packages\react-dom\src\__tests__\ReactCompositeComponent-test.js
Class Component,Component,C:\Users\Francesco\PycharmProjects\FSS Software Evolution\FSS Software Evolution\react\packages\react-dom\src\__tests__\ReactCompositeComponent-test.js
Class Component,Component,C:\Users\Francesco\PycharmProjects\FSS Software Evolution\FSS Software Evolution\react\packages\react-dom\src\__tests__\ReactCompositeComponent-test.js
Class Component,RenderTextInvalidConstructor,C:\Users\Francesco\PycharmProjects\FSS Software Evolution\FSS Software Evolution\react\packages\react-dom\src\__tests__\ReactCompositeComponent-test.js
Class Component,Bad,C:\Users\Francesco\PycharmProjects\FSS Software Evolution\FSS Software Evolution\react\packages\react-dom\src\__tests__\ReactCompositeComponent-test.js
Class Component,RenderTestUndefinedRender,C:\Users\Francesco\PycharmProjects\FSS Software Evolution\FSS Software Evolution\react\packages\react-dom\src\__tests__\ReactCompositeComponent-test.js
Class Component,Shadow,C:\Users\Francesco\PycharmProjects\FSS Software Evolution\FSS Software Evolution\react\packages\react-dom\src\__tests__\ReactCompositeComponent-test.js
Class Component,B,C:\Users\Francesco\PycharmProjects\FSS Software Evolution\FSS Software Evolution\react\packages\react-dom\src\__tests__\ReactCompositeComponent-test.js
Class Component,B,C:\Users\Francesco\PycharmProjects\FSS Software Evolution\FSS Software Evolution\react\packages\react-dom\src\__tests__\ReactCompositeComponent-test.js
Class Component,B,C:\Users\Francesco\PycharmProjects\FSS Software Evolution\FSS Software Evolution\react\packages\react-dom\src\__tests__\ReactCompositeComponent-test.js
Class Component,B,C:\Users\Francesco\PycharmProjects\FSS Software Evolution\FSS Software Evolution\react\packages\react-dom\src\__tests__\ReactCompositeComponent-test.js
Class Component,ParentComponent,C:\Users\Francesco\PycharmProjects\FSS Software Evolution\FSS Software Evolution\react\packages\react-dom\src\__tests__\ReactCompositeComponentNestedState-test.js
Class Component,ChildComponent,C:\Users\Francesco\PycharmProjects\FSS Software Evolution\FSS Software Evolution\react\packages\react-dom\src\__tests__\ReactCompositeComponentNestedState-test.js
Class Component,Child,C:\Users\Francesco\PycharmProjects\FSS Software Evolution\FSS Software Evolution\react\packages\react-dom\src\__tests__\ReactCompositeComponentState-test.js
Class Component,Intermediate,C:\Users\Francesco\PycharmProjects\FSS Software Evolution\FSS Software Evolution\react\packages\react-dom\src\__tests__\ReactCompositeComponentState-test.js
Class Component,Parent,C:\Users\Francesco\PycharmProjects\FSS Software Evolution\FSS Software Evolution\react\packages\react-dom\src\__tests__\ReactCompositeComponentState-test.js
Class Component,Inner,C:\Users\Francesco\PycharmProjects\FSS Software Evolution\FSS Software Evolution\react\packages\react-dom\src\__tests__\ReactCompositeComponentState-test.js
Class Component,Outer,C:\Users\Francesco\PycharmProjects\FSS Software Evolution\FSS Software Evolution\react\packages\react-dom\src\__tests__\ReactCompositeComponentState-test.js
Class Component,Parent,C:\Users\Francesco\PycharmProjects\FSS Software Evolution\FSS Software Evolution\react\packages\react-dom\src\__tests__\ReactCompositeComponentState-test.js
Class Component,Child,C:\Users\Francesco\PycharmProjects\FSS Software Evolution\FSS Software Evolution\react\packages\react-dom\src\__tests__\ReactCompositeComponentState-test.js
Class Component,Test,C:\Users\Francesco\PycharmProjects\FSS Software Evolution\FSS Software Evolution\react\packages\react-dom\src\__tests__\ReactCompositeComponentState-test.js
Class Component,Test,C:\Users\Francesco\PycharmProjects\FSS Software Evolution\FSS Software Evolution\react\packages\react-dom\src\__tests__\ReactCompositeComponentState-test.js
Class Component,Test,C:\Users\Francesco\PycharmProjects\FSS Software Evolution\FSS Software Evolution\react\packages\react-dom\src\__tests__\ReactCompositeComponentState-test.js
Class Component,A,C:\Users\Francesco\PycharmProjects\FSS Software Evolution\FSS Software Evolution\react\packages\react-dom\src\__tests__\ReactCompositeComponentState-test.js
Class Component,B,C:\Users\Francesco\PycharmProjects\FSS Software Evolution\FSS Software Evolution\react\packages\react-dom\src\__tests__\ReactCompositeComponentState-test.js
Class Component,A,C:\Users\Francesco\PycharmProjects\FSS Software Evolution\FSS Software Evolution\react\packages\react-dom\src\__tests__\ReactCompositeComponentState-test.js
Class Component,B,C:\Users\Francesco\PycharmProjects\FSS Software Evolution\FSS Software Evolution\react\packages\react-dom\src\__tests__\ReactCompositeComponentState-test.js
Class Component,A,C:\Users\Francesco\PycharmProjects\FSS Software Evolution\FSS Software Evolution\react\packages\react-dom\src\__tests__\ReactDOM-test.js
Class Component,A,C:\Users\Francesco\PycharmProjects\FSS Software Evolution\FSS Software Evolution\react\packages\react-dom\src\__tests__\ReactDOM-test.js
Class Component,A,C:\Users\Francesco\PycharmProjects\FSS Software Evolution\FSS Software Evolution\react\packages\react-dom\src\__tests__\ReactDOM-test.js
Class Component,Wrapper,C:\Users\Francesco\PycharmProjects\FSS Software Evolution\FSS Software Evolution\react\packages\react-dom\src\__tests__\ReactDOM-test.js
Class Component,Component,C:\Users\Francesco\PycharmProjects\FSS Software Evolution\FSS Software Evolution\react\packages\react-dom\src\__tests__\ReactDOM-test.js
Class Component,Component,C:\Users\Francesco\PycharmProjects\FSS Software Evolution\FSS Software Evolution\react\packages\react-dom\src\__tests__\ReactDOM-test.js
Function Component,Child2,C:\Users\Francesco\PycharmProjects\FSS Software Evolution\FSS Software Evolution\react\packages\react-dom\src\__tests__\ReactDOM-test.js
Class Component,App,C:\Users\Francesco\PycharmProjects\FSS Software Evolution\FSS Software Evolution\react\packages\react-dom\src\__tests__\ReactDOMComponent-test.js
Class Component,Component,C:\Users\Francesco\PycharmProjects\FSS Software Evolution\FSS Software Evolution\react\packages\react-dom\src\__tests__\ReactDOMComponent-test.js
Class Component,Container,C:\Users\Francesco\PycharmProjects\FSS Software Evolution\FSS Software Evolution\react\packages\react-dom\src\__tests__\ReactDOMComponent-test.js
Class Component,X,C:\Users\Francesco\PycharmProjects\FSS Software Evolution\FSS Software Evolution\react\packages\react-dom\src\__tests__\ReactDOMComponent-test.js
Class Component,Animal,C:\Users\Francesco\PycharmProjects\FSS Software Evolution\FSS Software Evolution\react\packages\react-dom\src\__tests__\ReactDOMComponent-test.js
Class Component,Inner,C:\Users\Francesco\PycharmProjects\FSS Software Evolution\FSS Software Evolution\react\packages\react-dom\src\__tests__\ReactDOMComponent-test.js
Class Component,Row,C:\Users\Francesco\PycharmProjects\FSS Software Evolution\FSS Software Evolution\react\packages\react-dom\src\__tests__\ReactDOMComponent-test.js
Class Component,Foo,C:\Users\Francesco\PycharmProjects\FSS Software Evolution\FSS Software Evolution\react\packages\react-dom\src\__tests__\ReactDOMComponent-test.js
Class Component,Table,C:\Users\Francesco\PycharmProjects\FSS Software Evolution\FSS Software Evolution\react\packages\react-dom\src\__tests__\ReactDOMComponent-test.js
Class Component,FancyTable,C:\Users\Francesco\PycharmProjects\FSS Software Evolution\FSS Software Evolution\react\packages\react-dom\src\__tests__\ReactDOMComponent-test.js
Class Component,Table,C:\Users\Francesco\PycharmProjects\FSS Software Evolution\FSS Software Evolution\react\packages\react-dom\src\__tests__\ReactDOMComponent-test.js
Class Component,FancyTable,C:\Users\Francesco\PycharmProjects\FSS Software Evolution\FSS Software Evolution\react\packages\react-dom\src\__tests__\ReactDOMComponent-test.js
Class Component,Table,C:\Users\Francesco\PycharmProjects\FSS Software Evolution\FSS Software Evolution\react\packages\react-dom\src\__tests__\ReactDOMComponent-test.js
Class Component,FancyTable,C:\Users\Francesco\PycharmProjects\FSS Software Evolution\FSS Software Evolution\react\packages\react-dom\src\__tests__\ReactDOMComponent-test.js
Class Component,Link,C:\Users\Francesco\PycharmProjects\FSS Software Evolution\FSS Software Evolution\react\packages\react-dom\src\__tests__\ReactDOMComponent-test.js
Class Component,Parent,C:\Users\Francesco\PycharmProjects\FSS Software Evolution\FSS Software Evolution\react\packages\react-dom\src\__tests__\ReactDOMComponent-test.js
Class Component,Child1,C:\Users\Francesco\PycharmProjects\FSS Software Evolution\FSS Software Evolution\react\packages\react-dom\src\__tests__\ReactDOMComponent-test.js
Class Component,Child2,C:\Users\Francesco\PycharmProjects\FSS Software Evolution\FSS Software Evolution\react\packages\react-dom\src\__tests__\ReactDOMComponent-test.js
Class Component,Child3,C:\Users\Francesco\PycharmProjects\FSS Software Evolution\FSS Software Evolution\react\packages\react-dom\src\__tests__\ReactDOMComponent-test.js
Class Component,Child4,C:\Users\Francesco\PycharmProjects\FSS Software Evolution\FSS Software Evolution\react\packages\react-dom\src\__tests__\ReactDOMComponent-test.js
Class Component,Parent,C:\Users\Francesco\PycharmProjects\FSS Software Evolution\FSS Software Evolution\react\packages\react-dom\src\__tests__\ReactDOMComponent-test.js
Class Component,Child1,C:\Users\Francesco\PycharmProjects\FSS Software Evolution\FSS Software Evolution\react\packages\react-dom\src\__tests__\ReactDOMComponent-test.js
Class Component,Child2,C:\Users\Francesco\PycharmProjects\FSS Software Evolution\FSS Software Evolution\react\packages\react-dom\src\__tests__\ReactDOMComponent-test.js
Class Component,Child3,C:\Users\Francesco\PycharmProjects\FSS Software Evolution\FSS Software Evolution\react\packages\react-dom\src\__tests__\ReactDOMComponent-test.js
Class Component,Child4,C:\Users\Francesco\PycharmProjects\FSS Software Evolution\FSS Software Evolution\react\packages\react-dom\src\__tests__\ReactDOMComponent-test.js
Function Component,Row,C:\Users\Francesco\PycharmProjects\FSS Software Evolution\FSS Software Evolution\react\packages\react-dom\src\__tests__\ReactDOMComponent-test.js
Function Component,Foo,C:\Users\Francesco\PycharmProjects\FSS Software Evolution\FSS Software Evolution\react\packages\react-dom\src\__tests__\ReactDOMComponent-test.js
Function Component,Row,C:\Users\Francesco\PycharmProjects\FSS Software Evolution\FSS Software Evolution\react\packages\react-dom\src\__tests__\ReactDOMComponent-test.js
Function Component,FancyRow,C:\Users\Francesco\PycharmProjects\FSS Software Evolution\FSS Software Evolution\react\packages\react-dom\src\__tests__\ReactDOMComponent-test.js
Function Component,App1,C:\Users\Francesco\PycharmProjects\FSS Software Evolution\FSS Software Evolution\react\packages\react-dom\src\__tests__\ReactDOMComponent-test.js
Function Component,Row,C:\Users\Francesco\PycharmProjects\FSS Software Evolution\FSS Software Evolution\react\packages\react-dom\src\__tests__\ReactDOMComponent-test.js
Function Component,FancyRow,C:\Users\Francesco\PycharmProjects\FSS Software Evolution\FSS Software Evolution\react\packages\react-dom\src\__tests__\ReactDOMComponent-test.js
Function Component,App2,C:\Users\Francesco\PycharmProjects\FSS Software Evolution\FSS Software Evolution\react\packages\react-dom\src\__tests__\ReactDOMComponent-test.js
Function Component,Row,C:\Users\Francesco\PycharmProjects\FSS Software Evolution\FSS Software Evolution\react\packages\react-dom\src\__tests__\ReactDOMComponent-test.js
Function Component,FancyRow,C:\Users\Francesco\PycharmProjects\FSS Software Evolution\FSS Software Evolution\react\packages\react-dom\src\__tests__\ReactDOMComponent-test.js
Function Component,Row,C:\Users\Francesco\PycharmProjects\FSS Software Evolution\FSS Software Evolution\react\packages\react-dom\src\__tests__\ReactDOMComponent-test.js
Function Component,FancyRow,C:\Users\Francesco\PycharmProjects\FSS Software Evolution\FSS Software Evolution\react\packages\react-dom\src\__tests__\ReactDOMComponent-test.js
Function Component,Component,C:\Users\Francesco\PycharmProjects\FSS Software Evolution\FSS Software Evolution\react\packages\react-dom\src\__tests__\ReactDOMComponent-test.js
Function Component,Component,C:\Users\Francesco\PycharmProjects\FSS Software Evolution\FSS Software Evolution\react\packages\react-dom\src\__tests__\ReactDOMComponent-test.js
Class Component,MyComponent,C:\Users\Francesco\PycharmProjects\FSS Software Evolution\FSS Software Evolution\react\packages\react-dom\src\__tests__\ReactDOMEventListener-test.js
Class Component,Wrapper,C:\Users\Francesco\PycharmProjects\FSS Software Evolution\FSS Software Evolution\react\packages\react-dom\src\__tests__\ReactDOMEventListener-test.js
Class Component,Child,C:\Users\Francesco\PycharmProjects\FSS Software Evolution\FSS Software Evolution\react\packages\react-dom\src\__tests__\ReactDOMFiber-test.js
Class Component,Parent,C:\Users\Francesco\PycharmProjects\FSS Software Evolution\FSS Software Evolution\react\packages\react-dom\src\__tests__\ReactDOMFiber-test.js
Class Component,Wrapper,C:\Users\Francesco\PycharmProjects\FSS Software Evolution\FSS Software Evolution\react\packages\react-dom\src\__tests__\ReactDOMFiber-test.js
Class Component,ErrorBoundary,C:\Users\Francesco\PycharmProjects\FSS Software Evolution\FSS Software Evolution\react\packages\react-dom\src\__tests__\ReactDOMFiber-test.js
Class Component,ErrorBoundary,C:\Users\Francesco\PycharmProjects\FSS Software Evolution\FSS Software Evolution\react\packages\react-dom\src\__tests__\ReactDOMFiber-test.js
Class Component,Component,C:\Users\Francesco\PycharmProjects\FSS Software Evolution\FSS Software Evolution\react\packages\react-dom\src\__tests__\ReactDOMFiber-test.js
Class Component,Parent,C:\Users\Francesco\PycharmProjects\FSS Software Evolution\FSS Software Evolution\react\packages\react-dom\src\__tests__\ReactDOMFiber-test.js
Class Component,Example,C:\Users\Francesco\PycharmProjects\FSS Software Evolution\FSS Software Evolution\react\packages\react-dom\src\__tests__\ReactDOMFiber-test.js
Class Component,Example,C:\Users\Francesco\PycharmProjects\FSS Software Evolution\FSS Software Evolution\react\packages\react-dom\src\__tests__\ReactDOMFiber-test.js
Class Component,Example,C:\Users\Francesco\PycharmProjects\FSS Software Evolution\FSS Software Evolution\react\packages\react-dom\src\__tests__\ReactDOMFiber-test.js
Class Component,Click,C:\Users\Francesco\PycharmProjects\FSS Software Evolution\FSS Software Evolution\react\packages\react-dom\src\__tests__\ReactDOMFiber-test.js
Class Component,Child,C:\Users\Francesco\PycharmProjects\FSS Software Evolution\FSS Software Evolution\react\packages\react-dom\src\__tests__\ReactDOMFiber-test.js
Class Component,Parent,C:\Users\Francesco\PycharmProjects\FSS Software Evolution\FSS Software Evolution\react\packages\react-dom\src\__tests__\ReactDOMFiber-test.js
Concise Arrow Function Component,Box,C:\Users\Francesco\PycharmProjects\FSS Software Evolution\FSS Software Evolution\react\packages\react-dom\src\__tests__\ReactDOMFiber-test.js
Concise Arrow Function Component,Box,C:\Users\Francesco\PycharmProjects\FSS Software Evolution\FSS Software Evolution\react\packages\react-dom\src\__tests__\ReactDOMFiber-test.js
Concise Arrow Function Component,Box,C:\Users\Francesco\PycharmProjects\FSS Software Evolution\FSS Software Evolution\react\packages\react-dom\src\__tests__\ReactDOMFiber-test.js
Concise Arrow Function Component,Div,C:\Users\Francesco\PycharmProjects\FSS Software Evolution\FSS Software Evolution\react\packages\react-dom\src\__tests__\ReactDOMFiber-test.js
Class Component,Component,C:\Users\Francesco\PycharmProjects\FSS Software Evolution\FSS Software Evolution\react\packages\react-dom\src\__tests__\ReactDOMFiberAsync-test.js
Class Component,Component,C:\Users\Francesco\PycharmProjects\FSS Software Evolution\FSS Software Evolution\react\packages\react-dom\src\__tests__\ReactDOMFiberAsync-test.js
Class Component,Component,C:\Users\Francesco\PycharmProjects\FSS Software Evolution\FSS Software Evolution\react\packages\react-dom\src\__tests__\ReactDOMFiberAsync-test.js
Class Component,Counter,C:\Users\Francesco\PycharmProjects\FSS Software Evolution\FSS Software Evolution\react\packages\react-dom\src\__tests__\ReactDOMFiberAsync-test.js
Class Component,Component,C:\Users\Francesco\PycharmProjects\FSS Software Evolution\FSS Software Evolution\react\packages\react-dom\src\__tests__\ReactDOMFiberAsync-test.js
Class Component,Component,C:\Users\Francesco\PycharmProjects\FSS Software Evolution\FSS Software Evolution\react\packages\react-dom\src\__tests__\ReactDOMFiberAsync-test.js
Function Component,NewApp,C:\Users\Francesco\PycharmProjects\FSS Software Evolution\FSS Software Evolution\react\packages\react-dom\src\__tests__\ReactDOMFiberAsync-test.js
Class Component,TextWithPunctuation,C:\Users\Francesco\PycharmProjects\FSS Software Evolution\FSS Software Evolution\react\packages\react-dom\src\__tests__\ReactDOMFizzServer-test.js
Class Component,ErrorBoundary,C:\Users\Francesco\PycharmProjects\FSS Software Evolution\FSS Software Evolution\react\packages\react-dom\src\__tests__\ReactDOMFizzServer-test.js
Class Component,TestProvider,C:\Users\Francesco\PycharmProjects\FSS Software Evolution\FSS Software Evolution\react\packages\react-dom\src\__tests__\ReactDOMFizzServer-test.js
Class Component,TestConsumer,C:\Users\Francesco\PycharmProjects\FSS Software Evolution\FSS Software Evolution\react\packages\react-dom\src\__tests__\ReactDOMFizzServer-test.js
Class Component,PrintB,C:\Users\Francesco\PycharmProjects\FSS Software Evolution\FSS Software Evolution\react\packages\react-dom\src\__tests__\ReactDOMFizzServer-test.js
Class Component,PrintB,C:\Users\Francesco\PycharmProjects\FSS Software Evolution\FSS Software Evolution\react\packages\react-dom\src\__tests__\ReactDOMFizzServer-test.js
Class Component,ErrorBoundary,C:\Users\Francesco\PycharmProjects\FSS Software Evolution\FSS Software Evolution\react\packages\react-dom\src\__tests__\ReactDOMFizzServer-test.js
Class Component,ErrorBoundary,C:\Users\Francesco\PycharmProjects\FSS Software Evolution\FSS Software Evolution\react\packages\react-dom\src\__tests__\ReactDOMFizzServer-test.js
Function Component,AsyncOption,C:\Users\Francesco\PycharmProjects\FSS Software Evolution\FSS Software Evolution\react\packages\react-dom\src\__tests__\ReactDOMFizzServer-test.js
Function Component,AsyncCol,C:\Users\Francesco\PycharmProjects\FSS Software Evolution\FSS Software Evolution\react\packages\react-dom\src\__tests__\ReactDOMFizzServer-test.js
Function Component,AsyncPath,C:\Users\Francesco\PycharmProjects\FSS Software Evolution\FSS Software Evolution\react\packages\react-dom\src\__tests__\ReactDOMFizzServer-test.js
Function Component,AsyncMi,C:\Users\Francesco\PycharmProjects\FSS Software Evolution\FSS Software Evolution\react\packages\react-dom\src\__tests__\ReactDOMFizzServer-test.js
Function Component,AsyncTableBody,C:\Users\Francesco\PycharmProjects\FSS Software Evolution\FSS Software Evolution\react\packages\react-dom\src\__tests__\ReactDOMFizzServer-test.js
Function Component,AsyncTableRow,C:\Users\Francesco\PycharmProjects\FSS Software Evolution\FSS Software Evolution\react\packages\react-dom\src\__tests__\ReactDOMFizzServer-test.js
Function Component,AsyncTableCell,C:\Users\Francesco\PycharmProjects\FSS Software Evolution\FSS Software Evolution\react\packages\react-dom\src\__tests__\ReactDOMFizzServer-test.js
Function Component,AsyncPath,C:\Users\Francesco\PycharmProjects\FSS Software Evolution\FSS Software Evolution\react\packages\react-dom\src\__tests__\ReactDOMFizzServer-test.js
Function Component,mapper,C:\Users\Francesco\PycharmProjects\FSS Software Evolution\FSS Software Evolution\react\packages\react-dom\src\__tests__\ReactDOMFizzServer-test.js
Function Component,App,C:\Users\Francesco\PycharmProjects\FSS Software Evolution\FSS Software Evolution\react\packages\react-dom\src\__tests__\ReactDOMFizzServer-test.js
Function Component,Parent,C:\Users\Francesco\PycharmProjects\FSS Software Evolution\FSS Software Evolution\react\packages\react-dom\src\__tests__\ReactDOMFizzServer-test.js
Function Component,Sibling,C:\Users\Francesco\PycharmProjects\FSS Software Evolution\FSS Software Evolution\react\packages\react-dom\src\__tests__\ReactDOMFizzServer-test.js
Function Component,Sibling,C:\Users\Francesco\PycharmProjects\FSS Software Evolution\FSS Software Evolution\react\packages\react-dom\src\__tests__\ReactDOMFizzServer-test.js
Function Component,Sibling,C:\Users\Francesco\PycharmProjects\FSS Software Evolution\FSS Software Evolution\react\packages\react-dom\src\__tests__\ReactDOMFizzServer-test.js
Function Component,Sibling,C:\Users\Francesco\PycharmProjects\FSS Software Evolution\FSS Software Evolution\react\packages\react-dom\src\__tests__\ReactDOMFizzServer-test.js
Function Component,Foo,C:\Users\Francesco\PycharmProjects\FSS Software Evolution\FSS Software Evolution\react\packages\react-dom\src\__tests__\ReactDOMFizzServer-test.js
Function Component,Foo,C:\Users\Francesco\PycharmProjects\FSS Software Evolution\FSS Software Evolution\react\packages\react-dom\src\__tests__\ReactDOMFizzServer-test.js
Class Component,ErrorBoundary,C:\Users\Francesco\PycharmProjects\FSS Software Evolution\FSS Software Evolution\react\packages\react-dom\src\__tests__\ReactDOMFizzShellHydration-test.js
Class Component,ErrorBoundary,C:\Users\Francesco\PycharmProjects\FSS Software Evolution\FSS Software Evolution\react\packages\react-dom\src\__tests__\ReactDOMFizzShellHydration-test.js
Class Component,ErrorBoundary,C:\Users\Francesco\PycharmProjects\FSS Software Evolution\FSS Software Evolution\react\packages\react-dom\src\__tests__\ReactDOMFizzShellHydration-test.js
Function Component,App,C:\Users\Francesco\PycharmProjects\FSS Software Evolution\FSS Software Evolution\react\packages\react-dom\src\__tests__\ReactDOMFizzShellHydration-test.js
Function Component,App,C:\Users\Francesco\PycharmProjects\FSS Software Evolution\FSS Software Evolution\react\packages\react-dom\src\__tests__\ReactDOMFizzShellHydration-test.js
Function Component,App,C:\Users\Francesco\PycharmProjects\FSS Software Evolution\FSS Software Evolution\react\packages\react-dom\src\__tests__\ReactDOMFizzShellHydration-test.js
Function Component,ErroredApp,C:\Users\Francesco\PycharmProjects\FSS Software Evolution\FSS Software Evolution\react\packages\react-dom\src\__tests__\ReactDOMFizzShellHydration-test.js
Class Component,ErrorBoundary,C:\Users\Francesco\PycharmProjects\FSS Software Evolution\FSS Software Evolution\react\packages\react-dom\src\__tests__\ReactDOMFloat-test.js
Class Component,ErrorBoundary,C:\Users\Francesco\PycharmProjects\FSS Software Evolution\FSS Software Evolution\react\packages\react-dom\src\__tests__\ReactDOMFloat-test.js
Class Component,ErrorBoundary,C:\Users\Francesco\PycharmProjects\FSS Software Evolution\FSS Software Evolution\react\packages\react-dom\src\__tests__\ReactDOMForm-test.js
Class Component,ErrorBoundary,C:\Users\Francesco\PycharmProjects\FSS Software Evolution\FSS Software Evolution\react\packages\react-dom\src\__tests__\ReactDOMForm-test.js
Class Component,ErrorBoundary,C:\Users\Francesco\PycharmProjects\FSS Software Evolution\FSS Software Evolution\react\packages\react-dom\src\__tests__\ReactDOMForm-test.js
Class Component,ErrorBoundary,C:\Users\Francesco\PycharmProjects\FSS Software Evolution\FSS Software Evolution\react\packages\react-dom\src\__tests__\ReactDOMForm-test.js
Class Component,ErrorBoundary,C:\Users\Francesco\PycharmProjects\FSS Software Evolution\FSS Software Evolution\react\packages\react-dom\src\__tests__\ReactDOMForm-test.js
Function Component,Mismatch,C:\Users\Francesco\PycharmProjects\FSS Software Evolution\FSS Software Evolution\react\packages\react-dom\src\__tests__\ReactDOMHydrationDiff-test.js
Function Component,Mismatch,C:\Users\Francesco\PycharmProjects\FSS Software Evolution\FSS Software Evolution\react\packages\react-dom\src\__tests__\ReactDOMHydrationDiff-test.js
Class Component,ControlledInputs,C:\Users\Francesco\PycharmProjects\FSS Software Evolution\FSS Software Evolution\react\packages\react-dom\src\__tests__\ReactDOMInput-test.js
Class Component,ControlledInputs,C:\Users\Francesco\PycharmProjects\FSS Software Evolution\FSS Software Evolution\react\packages\react-dom\src\__tests__\ReactDOMInput-test.js
Class Component,Stub,C:\Users\Francesco\PycharmProjects\FSS Software Evolution\FSS Software Evolution\react\packages\react-dom\src\__tests__\ReactDOMInput-test.js
Class Component,Stub,C:\Users\Francesco\PycharmProjects\FSS Software Evolution\FSS Software Evolution\react\packages\react-dom\src\__tests__\ReactDOMInput-test.js
Class Component,Stub,C:\Users\Francesco\PycharmProjects\FSS Software Evolution\FSS Software Evolution\react\packages\react-dom\src\__tests__\ReactDOMInput-test.js
Class Component,Stub,C:\Users\Francesco\PycharmProjects\FSS Software Evolution\FSS Software Evolution\react\packages\react-dom\src\__tests__\ReactDOMInput-test.js
Class Component,Test,C:\Users\Francesco\PycharmProjects\FSS Software Evolution\FSS Software Evolution\react\packages\react-dom\src\__tests__\ReactDOMInput-test.js
Class Component,RadioGroup,C:\Users\Francesco\PycharmProjects\FSS Software Evolution\FSS Software Evolution\react\packages\react-dom\src\__tests__\ReactDOMInput-test.js
Class Component,App,C:\Users\Francesco\PycharmProjects\FSS Software Evolution\FSS Software Evolution\react\packages\react-dom\src\__tests__\ReactDOMInput-test.js
Class Component,ComponentA,C:\Users\Francesco\PycharmProjects\FSS Software Evolution\FSS Software Evolution\react\packages\react-dom\src\__tests__\ReactDOMInput-test.js
Class Component,ComponentB,C:\Users\Francesco\PycharmProjects\FSS Software Evolution\FSS Software Evolution\react\packages\react-dom\src\__tests__\ReactDOMInput-test.js
Class Component,Input,C:\Users\Francesco\PycharmProjects\FSS Software Evolution\FSS Software Evolution\react\packages\react-dom\src\__tests__\ReactDOMInput-test.js
Class Component,Input,C:\Users\Francesco\PycharmProjects\FSS Software Evolution\FSS Software Evolution\react\packages\react-dom\src\__tests__\ReactDOMInput-test.js
Class Component,Input,C:\Users\Francesco\PycharmProjects\FSS Software Evolution\FSS Software Evolution\react\packages\react-dom\src\__tests__\ReactDOMInput-test.js
Class Component,Foo,C:\Users\Francesco\PycharmProjects\FSS Software Evolution\FSS Software Evolution\react\packages\react-dom\src\__tests__\ReactDOMLegacyFiber-test.js
Class Component,Text,C:\Users\Francesco\PycharmProjects\FSS Software Evolution\FSS Software Evolution\react\packages\react-dom\src\__tests__\ReactDOMLegacyFiber-test.js
Class Component,Fragment,C:\Users\Francesco\PycharmProjects\FSS Software Evolution\FSS Software Evolution\react\packages\react-dom\src\__tests__\ReactDOMLegacyFiber-test.js
Class Component,Wrapper,C:\Users\Francesco\PycharmProjects\FSS Software Evolution\FSS Software Evolution\react\packages\react-dom\src\__tests__\ReactDOMLegacyFiber-test.js
Class Component,Fragment,C:\Users\Francesco\PycharmProjects\FSS Software Evolution\FSS Software Evolution\react\packages\react-dom\src\__tests__\ReactDOMLegacyFiber-test.js
Class Component,NullComponent,C:\Users\Francesco\PycharmProjects\FSS Software Evolution\FSS Software Evolution\react\packages\react-dom\src\__tests__\ReactDOMLegacyFiber-test.js
Class Component,Fragment,C:\Users\Francesco\PycharmProjects\FSS Software Evolution\FSS Software Evolution\react\packages\react-dom\src\__tests__\ReactDOMLegacyFiber-test.js
Class Component,Child,C:\Users\Francesco\PycharmProjects\FSS Software Evolution\FSS Software Evolution\react\packages\react-dom\src\__tests__\ReactDOMLegacyFiber-test.js
Class Component,Parent,C:\Users\Francesco\PycharmProjects\FSS Software Evolution\FSS Software Evolution\react\packages\react-dom\src\__tests__\ReactDOMLegacyFiber-test.js
Class Component,Wrapper,C:\Users\Francesco\PycharmProjects\FSS Software Evolution\FSS Software Evolution\react\packages\react-dom\src\__tests__\ReactDOMLegacyFiber-test.js
Class Component,ErrorBoundary,C:\Users\Francesco\PycharmProjects\FSS Software Evolution\FSS Software Evolution\react\packages\react-dom\src\__tests__\ReactDOMLegacyFiber-test.js
Class Component,ErrorBoundary,C:\Users\Francesco\PycharmProjects\FSS Software Evolution\FSS Software Evolution\react\packages\react-dom\src\__tests__\ReactDOMLegacyFiber-test.js
Class Component,Component,C:\Users\Francesco\PycharmProjects\FSS Software Evolution\FSS Software Evolution\react\packages\react-dom\src\__tests__\ReactDOMLegacyFiber-test.js
Class Component,Parent,C:\Users\Francesco\PycharmProjects\FSS Software Evolution\FSS Software Evolution\react\packages\react-dom\src\__tests__\ReactDOMLegacyFiber-test.js
Class Component,Component,C:\Users\Francesco\PycharmProjects\FSS Software Evolution\FSS Software Evolution\react\packages\react-dom\src\__tests__\ReactDOMLegacyFiber-test.js
Class Component,Parent,C:\Users\Francesco\PycharmProjects\FSS Software Evolution\FSS Software Evolution\react\packages\react-dom\src\__tests__\ReactDOMLegacyFiber-test.js
Class Component,Component,C:\Users\Francesco\PycharmProjects\FSS Software Evolution\FSS Software Evolution\react\packages\react-dom\src\__tests__\ReactDOMLegacyFiber-test.js
Class Component,Parent,C:\Users\Francesco\PycharmProjects\FSS Software Evolution\FSS Software Evolution\react\packages\react-dom\src\__tests__\ReactDOMLegacyFiber-test.js
Class Component,MyNode,C:\Users\Francesco\PycharmProjects\FSS Software Evolution\FSS Software Evolution\react\packages\react-dom\src\__tests__\ReactDOMLegacyFiber-test.js
Class Component,Example,C:\Users\Francesco\PycharmProjects\FSS Software Evolution\FSS Software Evolution\react\packages\react-dom\src\__tests__\ReactDOMLegacyFiber-test.js
Class Component,Example,C:\Users\Francesco\PycharmProjects\FSS Software Evolution\FSS Software Evolution\react\packages\react-dom\src\__tests__\ReactDOMLegacyFiber-test.js
Class Component,Example,C:\Users\Francesco\PycharmProjects\FSS Software Evolution\FSS Software Evolution\react\packages\react-dom\src\__tests__\ReactDOMLegacyFiber-test.js
Class Component,Click,C:\Users\Francesco\PycharmProjects\FSS Software Evolution\FSS Software Evolution\react\packages\react-dom\src\__tests__\ReactDOMLegacyFiber-test.js
Class Component,Child,C:\Users\Francesco\PycharmProjects\FSS Software Evolution\FSS Software Evolution\react\packages\react-dom\src\__tests__\ReactDOMLegacyFiber-test.js
Class Component,Parent,C:\Users\Francesco\PycharmProjects\FSS Software Evolution\FSS Software Evolution\react\packages\react-dom\src\__tests__\ReactDOMLegacyFiber-test.js
Function Component,NewApp,C:\Users\Francesco\PycharmProjects\FSS Software Evolution\FSS Software Evolution\react\packages\react-dom\src\__tests__\ReactDOMLegacyFiber-test.js
Concise Arrow Function Component,Box,C:\Users\Francesco\PycharmProjects\FSS Software Evolution\FSS Software Evolution\react\packages\react-dom\src\__tests__\ReactDOMLegacyFiber-test.js
Concise Arrow Function Component,Box,C:\Users\Francesco\PycharmProjects\FSS Software Evolution\FSS Software Evolution\react\packages\react-dom\src\__tests__\ReactDOMLegacyFiber-test.js
Concise Arrow Function Component,Div,C:\Users\Francesco\PycharmProjects\FSS Software Evolution\FSS Software Evolution\react\packages\react-dom\src\__tests__\ReactDOMLegacyFiber-test.js
Function Component,Component,C:\Users\Francesco\PycharmProjects\FSS Software Evolution\FSS Software Evolution\react\packages\react-dom\src\__tests__\ReactDOMRoot-test.js
Class Component,Parent,C:\Users\Francesco\PycharmProjects\FSS Software Evolution\FSS Software Evolution\react\packages\react-dom\src\__tests__\ReactDOMSelect-test.js
Class Component,RefComponent,C:\Users\Francesco\PycharmProjects\FSS Software Evolution\FSS Software Evolution\react\packages\react-dom\src\__tests__\ReactDOMServerIntegrationAttributes-test.js
Class Component,Parent,C:\Users\Francesco\PycharmProjects\FSS Software Evolution\FSS Software Evolution\react\packages\react-dom\src\__tests__\ReactDOMServerIntegrationClassContextType-test.js
Class Component,ClassChildWithContext,C:\Users\Francesco\PycharmProjects\FSS Software Evolution\FSS Software Evolution\react\packages\react-dom\src\__tests__\ReactDOMServerIntegrationClassContextType-test.js
Class Component,ClassChildWithoutContext,C:\Users\Francesco\PycharmProjects\FSS Software Evolution\FSS Software Evolution\react\packages\react-dom\src\__tests__\ReactDOMServerIntegrationClassContextType-test.js
Class Component,ClassChildWithWrongContext,C:\Users\Francesco\PycharmProjects\FSS Software Evolution\FSS Software Evolution\react\packages\react-dom\src\__tests__\ReactDOMServerIntegrationClassContextType-test.js
Class Component,Grandchild,C:\Users\Francesco\PycharmProjects\FSS Software Evolution\FSS Software Evolution\react\packages\react-dom\src\__tests__\ReactDOMServerIntegrationClassContextType-test.js
Class Component,Grandchild,C:\Users\Francesco\PycharmProjects\FSS Software Evolution\FSS Software Evolution\react\packages\react-dom\src\__tests__\ReactDOMServerIntegrationClassContextType-test.js
Class Component,Parent,C:\Users\Francesco\PycharmProjects\FSS Software Evolution\FSS Software Evolution\react\packages\react-dom\src\__tests__\ReactDOMServerIntegrationClassContextType-test.js
Class Component,ThemeComponent,C:\Users\Francesco\PycharmProjects\FSS Software Evolution\FSS Software Evolution\react\packages\react-dom\src\__tests__\ReactDOMServerIntegrationClassContextType-test.js
Class Component,LanguageComponent,C:\Users\Francesco\PycharmProjects\FSS Software Evolution\FSS Software Evolution\react\packages\react-dom\src\__tests__\ReactDOMServerIntegrationClassContextType-test.js
Class Component,ThemeConsumer,C:\Users\Francesco\PycharmProjects\FSS Software Evolution\FSS Software Evolution\react\packages\react-dom\src\__tests__\ReactDOMServerIntegrationClassContextType-test.js
Class Component,LanguageConsumer,C:\Users\Francesco\PycharmProjects\FSS Software Evolution\FSS Software Evolution\react\packages\react-dom\src\__tests__\ReactDOMServerIntegrationClassContextType-test.js
Class Component,X,C:\Users\Francesco\PycharmProjects\FSS Software Evolution\FSS Software Evolution\react\packages\react-dom\src\__tests__\ReactDOMServerIntegrationElements-test.js
Class Component,ClassComponent,C:\Users\Francesco\PycharmProjects\FSS Software Evolution\FSS Software Evolution\react\packages\react-dom\src\__tests__\ReactDOMServerIntegrationElements-test.js
Class Component,NullComponent,C:\Users\Francesco\PycharmProjects\FSS Software Evolution\FSS Software Evolution\react\packages\react-dom\src\__tests__\ReactDOMServerIntegrationElements-test.js
Class Component,UndefinedComponent,C:\Users\Francesco\PycharmProjects\FSS Software Evolution\FSS Software Evolution\react\packages\react-dom\src\__tests__\ReactDOMServerIntegrationElements-test.js
Class Component,ObjectComponent,C:\Users\Francesco\PycharmProjects\FSS Software Evolution\FSS Software Evolution\react\packages\react-dom\src\__tests__\ReactDOMServerIntegrationElements-test.js
Concise Arrow Function Component,FunctionComponent,C:\Users\Francesco\PycharmProjects\FSS Software Evolution\FSS Software Evolution\react\packages\react-dom\src\__tests__\ReactDOMServerIntegrationElements-test.js
Class Component,Counter,C:\Users\Francesco\PycharmProjects\FSS Software Evolution\FSS Software Evolution\react\packages\react-dom\src\__tests__\ReactDOMServerIntegrationHooks-test.js
Class Component,Counter,C:\Users\Francesco\PycharmProjects\FSS Software Evolution\FSS Software Evolution\react\packages\react-dom\src\__tests__\ReactDOMServerIntegrationHooks-test.js
Class Component,Indirection,C:\Users\Francesco\PycharmProjects\FSS Software Evolution\FSS Software Evolution\react\packages\react-dom\src\__tests__\ReactDOMServerIntegrationHooks-test.js
Class Component,Indirection,C:\Users\Francesco\PycharmProjects\FSS Software Evolution\FSS Software Evolution\react\packages\react-dom\src\__tests__\ReactDOMServerIntegrationHooks-test.js
Class Component,Parent,C:\Users\Francesco\PycharmProjects\FSS Software Evolution\FSS Software Evolution\react\packages\react-dom\src\__tests__\ReactDOMServerIntegrationLegacyContext-test.js
Class Component,ClassChildWithContext,C:\Users\Francesco\PycharmProjects\FSS Software Evolution\FSS Software Evolution\react\packages\react-dom\src\__tests__\ReactDOMServerIntegrationLegacyContext-test.js
Class Component,ClassChildWithoutContext,C:\Users\Francesco\PycharmProjects\FSS Software Evolution\FSS Software Evolution\react\packages\react-dom\src\__tests__\ReactDOMServerIntegrationLegacyContext-test.js
Class Component,ClassChildWithWrongContext,C:\Users\Francesco\PycharmProjects\FSS Software Evolution\FSS Software Evolution\react\packages\react-dom\src\__tests__\ReactDOMServerIntegrationLegacyContext-test.js
Class Component,Parent,C:\Users\Francesco\PycharmProjects\FSS Software Evolution\FSS Software Evolution\react\packages\react-dom\src\__tests__\ReactDOMServerIntegrationLegacyContext-test.js
Class Component,Child,C:\Users\Francesco\PycharmProjects\FSS Software Evolution\FSS Software Evolution\react\packages\react-dom\src\__tests__\ReactDOMServerIntegrationLegacyContext-test.js
Class Component,WillMountContext,C:\Users\Francesco\PycharmProjects\FSS Software Evolution\FSS Software Evolution\react\packages\react-dom\src\__tests__\ReactDOMServerIntegrationLegacyContext-test.js
Class Component,ForgetfulParent,C:\Users\Francesco\PycharmProjects\FSS Software Evolution\FSS Software Evolution\react\packages\react-dom\src\__tests__\ReactDOMServerIntegrationLegacyContext-test.js
Class Component,MyComponent,C:\Users\Francesco\PycharmProjects\FSS Software Evolution\FSS Software Evolution\react\packages\react-dom\src\__tests__\ReactDOMServerIntegrationLegacyContext-test.js
Class Component,MyComponent,C:\Users\Francesco\PycharmProjects\FSS Software Evolution\FSS Software Evolution\react\packages\react-dom\src\__tests__\ReactDOMServerIntegrationLegacyContext-test.js
Function Component,FunctionChildWithContext,C:\Users\Francesco\PycharmProjects\FSS Software Evolution\FSS Software Evolution\react\packages\react-dom\src\__tests__\ReactDOMServerIntegrationLegacyContext-test.js
Function Component,Grandchild,C:\Users\Francesco\PycharmProjects\FSS Software Evolution\FSS Software Evolution\react\packages\react-dom\src\__tests__\ReactDOMServerIntegrationLegacyContext-test.js
Arrow Function Component,Grandchild,C:\Users\Francesco\PycharmProjects\FSS Software Evolution\FSS Software Evolution\react\packages\react-dom\src\__tests__\ReactDOMServerIntegrationLegacyContext-test.js
Arrow Function Component,Child,C:\Users\Francesco\PycharmProjects\FSS Software Evolution\FSS Software Evolution\react\packages\react-dom\src\__tests__\ReactDOMServerIntegrationLegacyContext-test.js
Class Component,LegacyProvider,C:\Users\Francesco\PycharmProjects\FSS Software Evolution\FSS Software Evolution\react\packages\react-dom\src\__tests__\ReactDOMServerIntegrationLegacyContextDisabled-test.internal.js
Class Component,LegacyClsConsumer,C:\Users\Francesco\PycharmProjects\FSS Software Evolution\FSS Software Evolution\react\packages\react-dom\src\__tests__\ReactDOMServerIntegrationLegacyContextDisabled-test.internal.js
Class Component,Provider,C:\Users\Francesco\PycharmProjects\FSS Software Evolution\FSS Software Evolution\react\packages\react-dom\src\__tests__\ReactDOMServerIntegrationLegacyContextDisabled-test.internal.js
Class Component,RenderPropConsumer,C:\Users\Francesco\PycharmProjects\FSS Software Evolution\FSS Software Evolution\react\packages\react-dom\src\__tests__\ReactDOMServerIntegrationLegacyContextDisabled-test.internal.js
Class Component,ContextTypeConsumer,C:\Users\Francesco\PycharmProjects\FSS Software Evolution\FSS Software Evolution\react\packages\react-dom\src\__tests__\ReactDOMServerIntegrationLegacyContextDisabled-test.internal.js
Class Component,Parent,C:\Users\Francesco\PycharmProjects\FSS Software Evolution\FSS Software Evolution\react\packages\react-dom\src\__tests__\ReactDOMServerIntegrationNewContext-test.js
Class Component,ClassChildWithContext,C:\Users\Francesco\PycharmProjects\FSS Software Evolution\FSS Software Evolution\react\packages\react-dom\src\__tests__\ReactDOMServerIntegrationNewContext-test.js
Class Component,ClassChildWithWrongContext,C:\Users\Francesco\PycharmProjects\FSS Software Evolution\FSS Software Evolution\react\packages\react-dom\src\__tests__\ReactDOMServerIntegrationNewContext-test.js
Class Component,Cls,C:\Users\Francesco\PycharmProjects\FSS Software Evolution\FSS Software Evolution\react\packages\react-dom\src\__tests__\ReactDOMServerIntegrationNewContext-test.js
Class Component,Parent,C:\Users\Francesco\PycharmProjects\FSS Software Evolution\FSS Software Evolution\react\packages\react-dom\src\__tests__\ReactDOMServerIntegrationNewContext-test.js
Function Component,FunctionChildWithContext,C:\Users\Francesco\PycharmProjects\FSS Software Evolution\FSS Software Evolution\react\packages\react-dom\src\__tests__\ReactDOMServerIntegrationNewContext-test.js
Class Component,RefsComponent,C:\Users\Francesco\PycharmProjects\FSS Software Evolution\FSS Software Evolution\react\packages\react-dom\src\__tests__\ReactDOMServerIntegrationRefs-test.js
Class Component,RefsComponent,C:\Users\Francesco\PycharmProjects\FSS Software Evolution\FSS Software Evolution\react\packages\react-dom\src\__tests__\ReactDOMServerIntegrationRefs-test.js
Class Component,RefsComponent,C:\Users\Francesco\PycharmProjects\FSS Software Evolution\FSS Software Evolution\react\packages\react-dom\src\__tests__\ReactDOMServerIntegrationRefs-test.js
Class Component,InnerComponent,C:\Users\Francesco\PycharmProjects\FSS Software Evolution\FSS Software Evolution\react\packages\react-dom\src\__tests__\ReactDOMServerIntegrationRefs-test.js
Function Component,Counter,C:\Users\Francesco\PycharmProjects\FSS Software Evolution\FSS Software Evolution\react\packages\react-dom\src\__tests__\ReactDOMServerIntegrationSpecialTypes-test.js
Concise Arrow Function Component,RefCounter,C:\Users\Francesco\PycharmProjects\FSS Software Evolution\FSS Software Evolution\react\packages\react-dom\src\__tests__\ReactDOMServerIntegrationSpecialTypes-test.js
Class Component,Outer,C:\Users\Francesco\PycharmProjects\FSS Software Evolution\FSS Software Evolution\react\packages\react-dom\src\__tests__\ReactDOMServerLifecycles-test.js
Class Component,Inner,C:\Users\Francesco\PycharmProjects\FSS Software Evolution\FSS Software Evolution\react\packages\react-dom\src\__tests__\ReactDOMServerLifecycles-test.js
Class Component,Outer,C:\Users\Francesco\PycharmProjects\FSS Software Evolution\FSS Software Evolution\react\packages\react-dom\src\__tests__\ReactDOMServerLifecycles-test.js
Class Component,Inner,C:\Users\Francesco\PycharmProjects\FSS Software Evolution\FSS Software Evolution\react\packages\react-dom\src\__tests__\ReactDOMServerLifecycles-test.js
Class Component,Component,C:\Users\Francesco\PycharmProjects\FSS Software Evolution\FSS Software Evolution\react\packages\react-dom\src\__tests__\ReactDOMServerLifecycles-test.js
Class Component,Grandparent,C:\Users\Francesco\PycharmProjects\FSS Software Evolution\FSS Software Evolution\react\packages\react-dom\src\__tests__\ReactDOMServerLifecycles-test.js
Class Component,Parent,C:\Users\Francesco\PycharmProjects\FSS Software Evolution\FSS Software Evolution\react\packages\react-dom\src\__tests__\ReactDOMServerLifecycles-test.js
Class Component,Child,C:\Users\Francesco\PycharmProjects\FSS Software Evolution\FSS Software Evolution\react\packages\react-dom\src\__tests__\ReactDOMServerLifecycles-test.js
Class Component,Component,C:\Users\Francesco\PycharmProjects\FSS Software Evolution\FSS Software Evolution\react\packages\react-dom\src\__tests__\ReactDOMServerLifecycles-test.js
Class Component,Component,C:\Users\Francesco\PycharmProjects\FSS Software Evolution\FSS Software Evolution\react\packages\react-dom\src\__tests__\ReactDOMServerLifecycles-test.js
Class Component,Component,C:\Users\Francesco\PycharmProjects\FSS Software Evolution\FSS Software Evolution\react\packages\react-dom\src\__tests__\ReactDOMServerLifecycles-test.js
Class Component,Outer,C:\Users\Francesco\PycharmProjects\FSS Software Evolution\FSS Software Evolution\react\packages\react-dom\src\__tests__\ReactDOMServerLifecycles-test.js
Class Component,Inner,C:\Users\Francesco\PycharmProjects\FSS Software Evolution\FSS Software Evolution\react\packages\react-dom\src\__tests__\ReactDOMServerLifecycles-test.js
Class Component,Component,C:\Users\Francesco\PycharmProjects\FSS Software Evolution\FSS Software Evolution\react\packages\react-dom\src\__tests__\ReactDOMServerLifecycles-test.js
Class Component,MyComponent,C:\Users\Francesco\PycharmProjects\FSS Software Evolution\FSS Software Evolution\react\packages\react-dom\src\__tests__\ReactDOMServerLifecycles-test.js
Class Component,PolyfilledComponent,C:\Users\Francesco\PycharmProjects\FSS Software Evolution\FSS Software Evolution\react\packages\react-dom\src\__tests__\ReactDOMServerLifecycles-test.js
Class Component,PolyfilledComponent,C:\Users\Francesco\PycharmProjects\FSS Software Evolution\FSS Software Evolution\react\packages\react-dom\src\__tests__\ReactDOMServerLifecycles-test.js
Class Component,TestAppClass,C:\Users\Francesco\PycharmProjects\FSS Software Evolution\FSS Software Evolution\react\packages\react-dom\src\__tests__\ReactDOMServerPartialHydration-test.internal.js
Function Component,Parent,C:\Users\Francesco\PycharmProjects\FSS Software Evolution\FSS Software Evolution\react\packages\react-dom\src\__tests__\ReactDOMServerPartialHydration-test.internal.js
Function Component,App,C:\Users\Francesco\PycharmProjects\FSS Software Evolution\FSS Software Evolution\react\packages\react-dom\src\__tests__\ReactDOMServerPartialHydration-test.internal.js
Function Component,DirectTextChild,C:\Users\Francesco\PycharmProjects\FSS Software Evolution\FSS Software Evolution\react\packages\react-dom\src\__tests__\ReactDOMServerPartialHydration-test.internal.js
Function Component,Text,C:\Users\Francesco\PycharmProjects\FSS Software Evolution\FSS Software Evolution\react\packages\react-dom\src\__tests__\ReactDOMServerSuspense-test.internal.js
Class Component,Child,C:\Users\Francesco\PycharmProjects\FSS Software Evolution\FSS Software Evolution\react\packages\react-dom\src\__tests__\ReactDOMSuspensePlaceholder-test.js
Class Component,App,C:\Users\Francesco\PycharmProjects\FSS Software Evolution\FSS Software Evolution\react\packages\react-dom\src\__tests__\ReactDOMSuspensePlaceholder-test.js
Class Component,Child,C:\Users\Francesco\PycharmProjects\FSS Software Evolution\FSS Software Evolution\react\packages\react-dom\src\__tests__\ReactDOMSuspensePlaceholder-test.js
Class Component,App,C:\Users\Francesco\PycharmProjects\FSS Software Evolution\FSS Software Evolution\react\packages\react-dom\src\__tests__\ReactDOMSVG-test.js
Function Component,Inner,C:\Users\Francesco\PycharmProjects\FSS Software Evolution\FSS Software Evolution\react\packages\react-dom\src\__tests__\ReactDOMTestSelectors-test.js
Function Component,Inner,C:\Users\Francesco\PycharmProjects\FSS Software Evolution\FSS Software Evolution\react\packages\react-dom\src\__tests__\ReactDOMTestSelectors-test.js
Function Component,Inner,C:\Users\Francesco\PycharmProjects\FSS Software Evolution\FSS Software Evolution\react\packages\react-dom\src\__tests__\ReactDOMTestSelectors-test.js
Function Component,Inner,C:\Users\Francesco\PycharmProjects\FSS Software Evolution\FSS Software Evolution\react\packages\react-dom\src\__tests__\ReactDOMTestSelectors-test.js
Function Component,Example,C:\Users\Francesco\PycharmProjects\FSS Software Evolution\FSS Software Evolution\react\packages\react-dom\src\__tests__\ReactDOMTestSelectors-test.js
Function Component,Outer,C:\Users\Francesco\PycharmProjects\FSS Software Evolution\FSS Software Evolution\react\packages\react-dom\src\__tests__\ReactDOMTestSelectors-test.js
Function Component,Middle,C:\Users\Francesco\PycharmProjects\FSS Software Evolution\FSS Software Evolution\react\packages\react-dom\src\__tests__\ReactDOMTestSelectors-test.js
Function Component,NotRendered,C:\Users\Francesco\PycharmProjects\FSS Software Evolution\FSS Software Evolution\react\packages\react-dom\src\__tests__\ReactDOMTestSelectors-test.js
Function Component,Inner,C:\Users\Francesco\PycharmProjects\FSS Software Evolution\FSS Software Evolution\react\packages\react-dom\src\__tests__\ReactDOMTestSelectors-test.js
Function Component,Example,C:\Users\Francesco\PycharmProjects\FSS Software Evolution\FSS Software Evolution\react\packages\react-dom\src\__tests__\ReactDOMTestSelectors-test.js
Function Component,Example,C:\Users\Francesco\PycharmProjects\FSS Software Evolution\FSS Software Evolution\react\packages\react-dom\src\__tests__\ReactDOMTestSelectors-test.js
Function Component,Example,C:\Users\Francesco\PycharmProjects\FSS Software Evolution\FSS Software Evolution\react\packages\react-dom\src\__tests__\ReactDOMTestSelectors-test.js
Function Component,Example,C:\Users\Francesco\PycharmProjects\FSS Software Evolution\FSS Software Evolution\react\packages\react-dom\src\__tests__\ReactDOMTestSelectors-test.js
Function Component,Example,C:\Users\Francesco\PycharmProjects\FSS Software Evolution\FSS Software Evolution\react\packages\react-dom\src\__tests__\ReactDOMTestSelectors-test.js
Class Component,App,C:\Users\Francesco\PycharmProjects\FSS Software Evolution\FSS Software Evolution\react\packages\react-dom\src\__tests__\ReactDOMTextarea-test.js
Class Component,Inner,C:\Users\Francesco\PycharmProjects\FSS Software Evolution\FSS Software Evolution\react\packages\react-dom\src\__tests__\ReactEmptyComponent-test.js
Class Component,Child,C:\Users\Francesco\PycharmProjects\FSS Software Evolution\FSS Software Evolution\react\packages\react-dom\src\__tests__\ReactEmptyComponent-test.js
Class Component,Parent,C:\Users\Francesco\PycharmProjects\FSS Software Evolution\FSS Software Evolution\react\packages\react-dom\src\__tests__\ReactEmptyComponent-test.js
Function Component,Child,C:\Users\Francesco\PycharmProjects\FSS Software Evolution\FSS Software Evolution\react\packages\react-dom\src\__tests__\ReactEmptyComponent-test.js
Class Component,BrokenComponentWillMountWithContext,C:\Users\Francesco\PycharmProjects\FSS Software Evolution\FSS Software Evolution\react\packages\react-dom\src\__tests__\ReactErrorBoundaries-test.internal.js
Class Component,MaybeBrokenRender,C:\Users\Francesco\PycharmProjects\FSS Software Evolution\FSS Software Evolution\react\packages\react-dom\src\__tests__\ReactErrorBoundaries-test.internal.js
Class Component,Stateful,C:\Users\Francesco\PycharmProjects\FSS Software Evolution\FSS Software Evolution\react\packages\react-dom\src\__tests__\ReactErrorBoundaries-test.internal.js
Class Component,Parent,C:\Users\Francesco\PycharmProjects\FSS Software Evolution\FSS Software Evolution\react\packages\react-dom\src\__tests__\ReactErrorBoundaries-test.internal.js
Class Component,Child,C:\Users\Francesco\PycharmProjects\FSS Software Evolution\FSS Software Evolution\react\packages\react-dom\src\__tests__\ReactErrorBoundaries-test.internal.js
Class Component,Parent,C:\Users\Francesco\PycharmProjects\FSS Software Evolution\FSS Software Evolution\react\packages\react-dom\src\__tests__\ReactErrorBoundaries-test.internal.js
Class Component,Child,C:\Users\Francesco\PycharmProjects\FSS Software Evolution\FSS Software Evolution\react\packages\react-dom\src\__tests__\ReactErrorBoundaries-test.internal.js
Class Component,InvalidErrorBoundary,C:\Users\Francesco\PycharmProjects\FSS Software Evolution\FSS Software Evolution\react\packages\react-dom\src\__tests__\ReactErrorBoundaries-test.internal.js
Class Component,ErrorBoundaryWithBothMethods,C:\Users\Francesco\PycharmProjects\FSS Software Evolution\FSS Software Evolution\react\packages\react-dom\src\__tests__\ReactErrorBoundaries-test.internal.js
Class Component,EvilErrorBoundary,C:\Users\Francesco\PycharmProjects\FSS Software Evolution\FSS Software Evolution\react\packages\react-dom\src\__tests__\ReactErrorBoundaries-test.internal.js
Class Component,LocalErrorBoundary,C:\Users\Francesco\PycharmProjects\FSS Software Evolution\FSS Software Evolution\react\packages\react-dom\src\__tests__\ReactErrorBoundaries-test.internal.js
Class Component,Component,C:\Users\Francesco\PycharmProjects\FSS Software Evolution\FSS Software Evolution\react\packages\react-dom\src\__tests__\ReactErrorBoundaries-test.internal.js
Class Component,LocalBrokenComponentWillUnmount,C:\Users\Francesco\PycharmProjects\FSS Software Evolution\FSS Software Evolution\react\packages\react-dom\src\__tests__\ReactErrorBoundaries-test.internal.js
Class Component,LocalErrorBoundary,C:\Users\Francesco\PycharmProjects\FSS Software Evolution\FSS Software Evolution\react\packages\react-dom\src\__tests__\ReactErrorBoundaries-test.internal.js
Class Component,Component,C:\Users\Francesco\PycharmProjects\FSS Software Evolution\FSS Software Evolution\react\packages\react-dom\src\__tests__\ReactErrorBoundaries-test.internal.js
Class Component,LocalBrokenCallbackRef,C:\Users\Francesco\PycharmProjects\FSS Software Evolution\FSS Software Evolution\react\packages\react-dom\src\__tests__\ReactErrorBoundaries-test.internal.js
Function Component,renderError,C:\Users\Francesco\PycharmProjects\FSS Software Evolution\FSS Software Evolution\react\packages\react-dom\src\__tests__\ReactErrorBoundaries-test.internal.js
Function Component,renderInnerError,C:\Users\Francesco\PycharmProjects\FSS Software Evolution\FSS Software Evolution\react\packages\react-dom\src\__tests__\ReactErrorBoundaries-test.internal.js
Function Component,renderOuterError,C:\Users\Francesco\PycharmProjects\FSS Software Evolution\FSS Software Evolution\react\packages\react-dom\src\__tests__\ReactErrorBoundaries-test.internal.js
Function Component,renderUnmountError,C:\Users\Francesco\PycharmProjects\FSS Software Evolution\FSS Software Evolution\react\packages\react-dom\src\__tests__\ReactErrorBoundaries-test.internal.js
Function Component,renderUpdateError,C:\Users\Francesco\PycharmProjects\FSS Software Evolution\FSS Software Evolution\react\packages\react-dom\src\__tests__\ReactErrorBoundaries-test.internal.js
Function Component,Wrapper,C:\Users\Francesco\PycharmProjects\FSS Software Evolution\FSS Software Evolution\react\packages\react-dom\src\__tests__\ReactErrorBoundaries-test.internal.js
Class Component,ErrorHandler,C:\Users\Francesco\PycharmProjects\FSS Software Evolution\FSS Software Evolution\react\packages\react-dom\src\__tests__\ReactErrorBoundariesHooks-test.internal.js
Class Component,Bad,C:\Users\Francesco\PycharmProjects\FSS Software Evolution\FSS Software Evolution\react\packages\react-dom\src\__tests__\ReactErrorLoggingRecovery-test.js
Class Component,Parent,C:\Users\Francesco\PycharmProjects\FSS Software Evolution\FSS Software Evolution\react\packages\react-dom\src\__tests__\ReactFunctionComponent-test.js
Class Component,Child,C:\Users\Francesco\PycharmProjects\FSS Software Evolution\FSS Software Evolution\react\packages\react-dom\src\__tests__\ReactFunctionComponent-test.js
Class Component,GrandParent,C:\Users\Francesco\PycharmProjects\FSS Software Evolution\FSS Software Evolution\react\packages\react-dom\src\__tests__\ReactFunctionComponent-test.js
Class Component,Parent,C:\Users\Francesco\PycharmProjects\FSS Software Evolution\FSS Software Evolution\react\packages\react-dom\src\__tests__\ReactFunctionComponent-test.js
Function Component,FunctionComponent,C:\Users\Francesco\PycharmProjects\FSS Software Evolution\FSS Software Evolution\react\packages\react-dom\src\__tests__\ReactFunctionComponent-test.js
Function Component,Parent,C:\Users\Francesco\PycharmProjects\FSS Software Evolution\FSS Software Evolution\react\packages\react-dom\src\__tests__\ReactFunctionComponent-test.js
Function Component,FunctionComponentWithChildContext,C:\Users\Francesco\PycharmProjects\FSS Software Evolution\FSS Software Evolution\react\packages\react-dom\src\__tests__\ReactFunctionComponent-test.js
Function Component,Child,C:\Users\Francesco\PycharmProjects\FSS Software Evolution\FSS Software Evolution\react\packages\react-dom\src\__tests__\ReactFunctionComponent-test.js
Function Component,Child,C:\Users\Francesco\PycharmProjects\FSS Software Evolution\FSS Software Evolution\react\packages\react-dom\src\__tests__\ReactFunctionComponent-test.js
Function Component,Child,C:\Users\Francesco\PycharmProjects\FSS Software Evolution\FSS Software Evolution\react\packages\react-dom\src\__tests__\ReactFunctionComponent-test.js
Class Component,Wrapper,C:\Users\Francesco\PycharmProjects\FSS Software Evolution\FSS Software Evolution\react\packages\react-dom\src\__tests__\ReactIdentity-test.js
Class Component,Wrapper,C:\Users\Francesco\PycharmProjects\FSS Software Evolution\FSS Software Evolution\react\packages\react-dom\src\__tests__\ReactIdentity-test.js
Class Component,TestComponent,C:\Users\Francesco\PycharmProjects\FSS Software Evolution\FSS Software Evolution\react\packages\react-dom\src\__tests__\ReactIdentity-test.js
Class Component,TestContainer,C:\Users\Francesco\PycharmProjects\FSS Software Evolution\FSS Software Evolution\react\packages\react-dom\src\__tests__\ReactIdentity-test.js
Class Component,TestComponent,C:\Users\Francesco\PycharmProjects\FSS Software Evolution\FSS Software Evolution\react\packages\react-dom\src\__tests__\ReactIdentity-test.js
Class Component,TestContainer,C:\Users\Francesco\PycharmProjects\FSS Software Evolution\FSS Software Evolution\react\packages\react-dom\src\__tests__\ReactIdentity-test.js
Class Component,TestComponent,C:\Users\Francesco\PycharmProjects\FSS Software Evolution\FSS Software Evolution\react\packages\react-dom\src\__tests__\ReactIdentity-test.js
Class Component,TestContainer,C:\Users\Francesco\PycharmProjects\FSS Software Evolution\FSS Software Evolution\react\packages\react-dom\src\__tests__\ReactIdentity-test.js
Class Component,TestComponent,C:\Users\Francesco\PycharmProjects\FSS Software Evolution\FSS Software Evolution\react\packages\react-dom\src\__tests__\ReactIdentity-test.js
Class Component,TestContainer,C:\Users\Francesco\PycharmProjects\FSS Software Evolution\FSS Software Evolution\react\packages\react-dom\src\__tests__\ReactIdentity-test.js
Class Component,Component,C:\Users\Francesco\PycharmProjects\FSS Software Evolution\FSS Software Evolution\react\packages\react-dom\src\__tests__\ReactLegacyCompositeComponent-test.js
Class Component,Parent,C:\Users\Francesco\PycharmProjects\FSS Software Evolution\FSS Software Evolution\react\packages\react-dom\src\__tests__\ReactLegacyCompositeComponent-test.js
Class Component,Child,C:\Users\Francesco\PycharmProjects\FSS Software Evolution\FSS Software Evolution\react\packages\react-dom\src\__tests__\ReactLegacyCompositeComponent-test.js
Class Component,Grandchild,C:\Users\Francesco\PycharmProjects\FSS Software Evolution\FSS Software Evolution\react\packages\react-dom\src\__tests__\ReactLegacyCompositeComponent-test.js
Class Component,Parent,C:\Users\Francesco\PycharmProjects\FSS Software Evolution\FSS Software Evolution\react\packages\react-dom\src\__tests__\ReactLegacyCompositeComponent-test.js
Class Component,Middle,C:\Users\Francesco\PycharmProjects\FSS Software Evolution\FSS Software Evolution\react\packages\react-dom\src\__tests__\ReactLegacyCompositeComponent-test.js
Class Component,Child,C:\Users\Francesco\PycharmProjects\FSS Software Evolution\FSS Software Evolution\react\packages\react-dom\src\__tests__\ReactLegacyCompositeComponent-test.js
Class Component,Parent,C:\Users\Francesco\PycharmProjects\FSS Software Evolution\FSS Software Evolution\react\packages\react-dom\src\__tests__\ReactLegacyCompositeComponent-test.js
Class Component,Child,C:\Users\Francesco\PycharmProjects\FSS Software Evolution\FSS Software Evolution\react\packages\react-dom\src\__tests__\ReactLegacyCompositeComponent-test.js
Class Component,Wrapper,C:\Users\Francesco\PycharmProjects\FSS Software Evolution\FSS Software Evolution\react\packages\react-dom\src\__tests__\ReactLegacyCompositeComponent-test.js
Class Component,Parent,C:\Users\Francesco\PycharmProjects\FSS Software Evolution\FSS Software Evolution\react\packages\react-dom\src\__tests__\ReactLegacyCompositeComponent-test.js
Class Component,Child,C:\Users\Francesco\PycharmProjects\FSS Software Evolution\FSS Software Evolution\react\packages\react-dom\src\__tests__\ReactLegacyCompositeComponent-test.js
Class Component,Grandchild,C:\Users\Francesco\PycharmProjects\FSS Software Evolution\FSS Software Evolution\react\packages\react-dom\src\__tests__\ReactLegacyCompositeComponent-test.js
Class Component,Parent,C:\Users\Francesco\PycharmProjects\FSS Software Evolution\FSS Software Evolution\react\packages\react-dom\src\__tests__\ReactLegacyCompositeComponent-test.js
Class Component,Child,C:\Users\Francesco\PycharmProjects\FSS Software Evolution\FSS Software Evolution\react\packages\react-dom\src\__tests__\ReactLegacyCompositeComponent-test.js
Class Component,Leaf,C:\Users\Francesco\PycharmProjects\FSS Software Evolution\FSS Software Evolution\react\packages\react-dom\src\__tests__\ReactLegacyCompositeComponent-test.js
Class Component,Intermediary,C:\Users\Francesco\PycharmProjects\FSS Software Evolution\FSS Software Evolution\react\packages\react-dom\src\__tests__\ReactLegacyCompositeComponent-test.js
Class Component,Parent,C:\Users\Francesco\PycharmProjects\FSS Software Evolution\FSS Software Evolution\react\packages\react-dom\src\__tests__\ReactLegacyCompositeComponent-test.js
Class Component,GrandChild,C:\Users\Francesco\PycharmProjects\FSS Software Evolution\FSS Software Evolution\react\packages\react-dom\src\__tests__\ReactLegacyCompositeComponent-test.js
Class Component,ChildWithContext,C:\Users\Francesco\PycharmProjects\FSS Software Evolution\FSS Software Evolution\react\packages\react-dom\src\__tests__\ReactLegacyCompositeComponent-test.js
Class Component,ChildWithoutContext,C:\Users\Francesco\PycharmProjects\FSS Software Evolution\FSS Software Evolution\react\packages\react-dom\src\__tests__\ReactLegacyCompositeComponent-test.js
Class Component,Parent,C:\Users\Francesco\PycharmProjects\FSS Software Evolution\FSS Software Evolution\react\packages\react-dom\src\__tests__\ReactLegacyCompositeComponent-test.js
Class Component,Component,C:\Users\Francesco\PycharmProjects\FSS Software Evolution\FSS Software Evolution\react\packages\react-dom\src\__tests__\ReactLegacyCompositeComponent-test.js
Class Component,Component,C:\Users\Francesco\PycharmProjects\FSS Software Evolution\FSS Software Evolution\react\packages\react-dom\src\__tests__\ReactLegacyCompositeComponent-test.js
Class Component,Static,C:\Users\Francesco\PycharmProjects\FSS Software Evolution\FSS Software Evolution\react\packages\react-dom\src\__tests__\ReactLegacyCompositeComponent-test.js
Class Component,Component,C:\Users\Francesco\PycharmProjects\FSS Software Evolution\FSS Software Evolution\react\packages\react-dom\src\__tests__\ReactLegacyCompositeComponent-test.js
Class Component,Component,C:\Users\Francesco\PycharmProjects\FSS Software Evolution\FSS Software Evolution\react\packages\react-dom\src\__tests__\ReactLegacyCompositeComponent-test.js
Class Component,Parent,C:\Users\Francesco\PycharmProjects\FSS Software Evolution\FSS Software Evolution\react\packages\react-dom\src\__tests__\ReactLegacyCompositeComponent-test.js
Class Component,Component,C:\Users\Francesco\PycharmProjects\FSS Software Evolution\FSS Software Evolution\react\packages\react-dom\src\__tests__\ReactLegacyCompositeComponent-test.js
Class Component,Moo,C:\Users\Francesco\PycharmProjects\FSS Software Evolution\FSS Software Evolution\react\packages\react-dom\src\__tests__\ReactLegacyCompositeComponent-test.js
Class Component,Moo,C:\Users\Francesco\PycharmProjects\FSS Software Evolution\FSS Software Evolution\react\packages\react-dom\src\__tests__\ReactLegacyCompositeComponent-test.js
Class Component,Component,C:\Users\Francesco\PycharmProjects\FSS Software Evolution\FSS Software Evolution\react\packages\react-dom\src\__tests__\ReactLegacyCompositeComponent-test.js
Class Component,Outer,C:\Users\Francesco\PycharmProjects\FSS Software Evolution\FSS Software Evolution\react\packages\react-dom\src\__tests__\ReactLegacyCompositeComponent-test.js
Class Component,LegacyProvider,C:\Users\Francesco\PycharmProjects\FSS Software Evolution\FSS Software Evolution\react\packages\react-dom\src\__tests__\ReactLegacyContextDisabled-test.internal.js
Class Component,LegacyClsConsumer,C:\Users\Francesco\PycharmProjects\FSS Software Evolution\FSS Software Evolution\react\packages\react-dom\src\__tests__\ReactLegacyContextDisabled-test.internal.js
Class Component,Provider,C:\Users\Francesco\PycharmProjects\FSS Software Evolution\FSS Software Evolution\react\packages\react-dom\src\__tests__\ReactLegacyContextDisabled-test.internal.js
Class Component,RenderPropConsumer,C:\Users\Francesco\PycharmProjects\FSS Software Evolution\FSS Software Evolution\react\packages\react-dom\src\__tests__\ReactLegacyContextDisabled-test.internal.js
Class Component,ContextTypeConsumer,C:\Users\Francesco\PycharmProjects\FSS Software Evolution\FSS Software Evolution\react\packages\react-dom\src\__tests__\ReactLegacyContextDisabled-test.internal.js
Class Component,BrokenComponentWillMountWithContext,C:\Users\Francesco\PycharmProjects\FSS Software Evolution\FSS Software Evolution\react\packages\react-dom\src\__tests__\ReactLegacyErrorBoundaries-test.internal.js
Class Component,MaybeBrokenRender,C:\Users\Francesco\PycharmProjects\FSS Software Evolution\FSS Software Evolution\react\packages\react-dom\src\__tests__\ReactLegacyErrorBoundaries-test.internal.js
Class Component,Stateful,C:\Users\Francesco\PycharmProjects\FSS Software Evolution\FSS Software Evolution\react\packages\react-dom\src\__tests__\ReactLegacyErrorBoundaries-test.internal.js
Class Component,Parent,C:\Users\Francesco\PycharmProjects\FSS Software Evolution\FSS Software Evolution\react\packages\react-dom\src\__tests__\ReactLegacyErrorBoundaries-test.internal.js
Class Component,Child,C:\Users\Francesco\PycharmProjects\FSS Software Evolution\FSS Software Evolution\react\packages\react-dom\src\__tests__\ReactLegacyErrorBoundaries-test.internal.js
Class Component,Parent,C:\Users\Francesco\PycharmProjects\FSS Software Evolution\FSS Software Evolution\react\packages\react-dom\src\__tests__\ReactLegacyErrorBoundaries-test.internal.js
Class Component,Child,C:\Users\Francesco\PycharmProjects\FSS Software Evolution\FSS Software Evolution\react\packages\react-dom\src\__tests__\ReactLegacyErrorBoundaries-test.internal.js
Function Component,renderError,C:\Users\Francesco\PycharmProjects\FSS Software Evolution\FSS Software Evolution\react\packages\react-dom\src\__tests__\ReactLegacyErrorBoundaries-test.internal.js
Function Component,renderInnerError,C:\Users\Francesco\PycharmProjects\FSS Software Evolution\FSS Software Evolution\react\packages\react-dom\src\__tests__\ReactLegacyErrorBoundaries-test.internal.js
Function Component,renderOuterError,C:\Users\Francesco\PycharmProjects\FSS Software Evolution\FSS Software Evolution\react\packages\react-dom\src\__tests__\ReactLegacyErrorBoundaries-test.internal.js
Function Component,renderUnmountError,C:\Users\Francesco\PycharmProjects\FSS Software Evolution\FSS Software Evolution\react\packages\react-dom\src\__tests__\ReactLegacyErrorBoundaries-test.internal.js
Function Component,renderUpdateError,C:\Users\Francesco\PycharmProjects\FSS Software Evolution\FSS Software Evolution\react\packages\react-dom\src\__tests__\ReactLegacyErrorBoundaries-test.internal.js
Class Component,Component,C:\Users\Francesco\PycharmProjects\FSS Software Evolution\FSS Software Evolution\react\packages\react-dom\src\__tests__\ReactLegacyMount-test.js
Class Component,Component,C:\Users\Francesco\PycharmProjects\FSS Software Evolution\FSS Software Evolution\react\packages\react-dom\src\__tests__\ReactLegacyMount-test.js
Class Component,Component,C:\Users\Francesco\PycharmProjects\FSS Software Evolution\FSS Software Evolution\react\packages\react-dom\src\__tests__\ReactLegacyMount-test.js
Class Component,Component,C:\Users\Francesco\PycharmProjects\FSS Software Evolution\FSS Software Evolution\react\packages\react-dom\src\__tests__\ReactLegacyMount-test.js
Class Component,Foo,C:\Users\Francesco\PycharmProjects\FSS Software Evolution\FSS Software Evolution\react\packages\react-dom\src\__tests__\ReactLegacyMount-test.js
Class Component,Component,C:\Users\Francesco\PycharmProjects\FSS Software Evolution\FSS Software Evolution\react\packages\react-dom\src\__tests__\ReactLegacyUpdates-test.js
Class Component,Component,C:\Users\Francesco\PycharmProjects\FSS Software Evolution\FSS Software Evolution\react\packages\react-dom\src\__tests__\ReactLegacyUpdates-test.js
Class Component,Component,C:\Users\Francesco\PycharmProjects\FSS Software Evolution\FSS Software Evolution\react\packages\react-dom\src\__tests__\ReactLegacyUpdates-test.js
Class Component,Parent,C:\Users\Francesco\PycharmProjects\FSS Software Evolution\FSS Software Evolution\react\packages\react-dom\src\__tests__\ReactLegacyUpdates-test.js
Class Component,Child,C:\Users\Francesco\PycharmProjects\FSS Software Evolution\FSS Software Evolution\react\packages\react-dom\src\__tests__\ReactLegacyUpdates-test.js
Class Component,Parent,C:\Users\Francesco\PycharmProjects\FSS Software Evolution\FSS Software Evolution\react\packages\react-dom\src\__tests__\ReactLegacyUpdates-test.js
Class Component,Child,C:\Users\Francesco\PycharmProjects\FSS Software Evolution\FSS Software Evolution\react\packages\react-dom\src\__tests__\ReactLegacyUpdates-test.js
Class Component,Component,C:\Users\Francesco\PycharmProjects\FSS Software Evolution\FSS Software Evolution\react\packages\react-dom\src\__tests__\ReactLegacyUpdates-test.js
Class Component,Component,C:\Users\Francesco\PycharmProjects\FSS Software Evolution\FSS Software Evolution\react\packages\react-dom\src\__tests__\ReactLegacyUpdates-test.js
Class Component,Parent,C:\Users\Francesco\PycharmProjects\FSS Software Evolution\FSS Software Evolution\react\packages\react-dom\src\__tests__\ReactLegacyUpdates-test.js
Class Component,Child,C:\Users\Francesco\PycharmProjects\FSS Software Evolution\FSS Software Evolution\react\packages\react-dom\src\__tests__\ReactLegacyUpdates-test.js
Class Component,Top,C:\Users\Francesco\PycharmProjects\FSS Software Evolution\FSS Software Evolution\react\packages\react-dom\src\__tests__\ReactLegacyUpdates-test.js
Class Component,Middle,C:\Users\Francesco\PycharmProjects\FSS Software Evolution\FSS Software Evolution\react\packages\react-dom\src\__tests__\ReactLegacyUpdates-test.js
Class Component,Bottom,C:\Users\Francesco\PycharmProjects\FSS Software Evolution\FSS Software Evolution\react\packages\react-dom\src\__tests__\ReactLegacyUpdates-test.js
Class Component,Box,C:\Users\Francesco\PycharmProjects\FSS Software Evolution\FSS Software Evolution\react\packages\react-dom\src\__tests__\ReactLegacyUpdates-test.js
Class Component,Child,C:\Users\Francesco\PycharmProjects\FSS Software Evolution\FSS Software Evolution\react\packages\react-dom\src\__tests__\ReactLegacyUpdates-test.js
Class Component,Switcher,C:\Users\Francesco\PycharmProjects\FSS Software Evolution\FSS Software Evolution\react\packages\react-dom\src\__tests__\ReactLegacyUpdates-test.js
Class Component,App,C:\Users\Francesco\PycharmProjects\FSS Software Evolution\FSS Software Evolution\react\packages\react-dom\src\__tests__\ReactLegacyUpdates-test.js
Class Component,A,C:\Users\Francesco\PycharmProjects\FSS Software Evolution\FSS Software Evolution\react\packages\react-dom\src\__tests__\ReactLegacyUpdates-test.js
Class Component,B,C:\Users\Francesco\PycharmProjects\FSS Software Evolution\FSS Software Evolution\react\packages\react-dom\src\__tests__\ReactLegacyUpdates-test.js
Class Component,Outer,C:\Users\Francesco\PycharmProjects\FSS Software Evolution\FSS Software Evolution\react\packages\react-dom\src\__tests__\ReactLegacyUpdates-test.js
Class Component,Inner,C:\Users\Francesco\PycharmProjects\FSS Software Evolution\FSS Software Evolution\react\packages\react-dom\src\__tests__\ReactLegacyUpdates-test.js
Class Component,MockComponent,C:\Users\Francesco\PycharmProjects\FSS Software Evolution\FSS Software Evolution\react\packages\react-dom\src\__tests__\ReactLegacyUpdates-test.js
Class Component,X,C:\Users\Francesco\PycharmProjects\FSS Software Evolution\FSS Software Evolution\react\packages\react-dom\src\__tests__\ReactLegacyUpdates-test.js
Class Component,Y,C:\Users\Francesco\PycharmProjects\FSS Software Evolution\FSS Software Evolution\react\packages\react-dom\src\__tests__\ReactLegacyUpdates-test.js
Class Component,Z,C:\Users\Francesco\PycharmProjects\FSS Software Evolution\FSS Software Evolution\react\packages\react-dom\src\__tests__\ReactLegacyUpdates-test.js
Class Component,A,C:\Users\Francesco\PycharmProjects\FSS Software Evolution\FSS Software Evolution\react\packages\react-dom\src\__tests__\ReactLegacyUpdates-test.js
Class Component,B,C:\Users\Francesco\PycharmProjects\FSS Software Evolution\FSS Software Evolution\react\packages\react-dom\src\__tests__\ReactLegacyUpdates-test.js
Class Component,A,C:\Users\Francesco\PycharmProjects\FSS Software Evolution\FSS Software Evolution\react\packages\react-dom\src\__tests__\ReactLegacyUpdates-test.js
Class Component,B,C:\Users\Francesco\PycharmProjects\FSS Software Evolution\FSS Software Evolution\react\packages\react-dom\src\__tests__\ReactLegacyUpdates-test.js
Class Component,A,C:\Users\Francesco\PycharmProjects\FSS Software Evolution\FSS Software Evolution\react\packages\react-dom\src\__tests__\ReactLegacyUpdates-test.js
Class Component,A,C:\Users\Francesco\PycharmProjects\FSS Software Evolution\FSS Software Evolution\react\packages\react-dom\src\__tests__\ReactLegacyUpdates-test.js
Class Component,A,C:\Users\Francesco\PycharmProjects\FSS Software Evolution\FSS Software Evolution\react\packages\react-dom\src\__tests__\ReactLegacyUpdates-test.js
Class Component,Parent,C:\Users\Francesco\PycharmProjects\FSS Software Evolution\FSS Software Evolution\react\packages\react-dom\src\__tests__\ReactLegacyUpdates-test.js
Class Component,Child,C:\Users\Francesco\PycharmProjects\FSS Software Evolution\FSS Software Evolution\react\packages\react-dom\src\__tests__\ReactLegacyUpdates-test.js
Class Component,App,C:\Users\Francesco\PycharmProjects\FSS Software Evolution\FSS Software Evolution\react\packages\react-dom\src\__tests__\ReactLegacyUpdates-test.js
Class Component,EmitsChangeOnUnmount,C:\Users\Francesco\PycharmProjects\FSS Software Evolution\FSS Software Evolution\react\packages\react-dom\src\__tests__\ReactLegacyUpdates-test.js
Class Component,ForceUpdatesOnChange,C:\Users\Francesco\PycharmProjects\FSS Software Evolution\FSS Software Evolution\react\packages\react-dom\src\__tests__\ReactLegacyUpdates-test.js
Class Component,Editor,C:\Users\Francesco\PycharmProjects\FSS Software Evolution\FSS Software Evolution\react\packages\react-dom\src\__tests__\ReactLegacyUpdates-test.js
Class Component,Foo,C:\Users\Francesco\PycharmProjects\FSS Software Evolution\FSS Software Evolution\react\packages\react-dom\src\__tests__\ReactLegacyUpdates-test.js
Class Component,Foo,C:\Users\Francesco\PycharmProjects\FSS Software Evolution\FSS Software Evolution\react\packages\react-dom\src\__tests__\ReactLegacyUpdates-test.js
Class Component,Bar,C:\Users\Francesco\PycharmProjects\FSS Software Evolution\FSS Software Evolution\react\packages\react-dom\src\__tests__\ReactLegacyUpdates-test.js
Class Component,Foo,C:\Users\Francesco\PycharmProjects\FSS Software Evolution\FSS Software Evolution\react\packages\react-dom\src\__tests__\ReactLegacyUpdates-test.js
Class Component,Foo,C:\Users\Francesco\PycharmProjects\FSS Software Evolution\FSS Software Evolution\react\packages\react-dom\src\__tests__\ReactLegacyUpdates-test.js
Class Component,Foo,C:\Users\Francesco\PycharmProjects\FSS Software Evolution\FSS Software Evolution\react\packages\react-dom\src\__tests__\ReactLegacyUpdates-test.js
Class Component,EventuallyTerminating,C:\Users\Francesco\PycharmProjects\FSS Software Evolution\FSS Software Evolution\react\packages\react-dom\src\__tests__\ReactLegacyUpdates-test.js
Class Component,NonTerminating,C:\Users\Francesco\PycharmProjects\FSS Software Evolution\FSS Software Evolution\react\packages\react-dom\src\__tests__\ReactLegacyUpdates-test.js
Class Component,NonTerminating,C:\Users\Francesco\PycharmProjects\FSS Software Evolution\FSS Software Evolution\react\packages\react-dom\src\__tests__\ReactLegacyUpdates-test.js
Class Component,Terminating,C:\Users\Francesco\PycharmProjects\FSS Software Evolution\FSS Software Evolution\react\packages\react-dom\src\__tests__\ReactLegacyUpdates-test.js
Class Component,A,C:\Users\Francesco\PycharmProjects\FSS Software Evolution\FSS Software Evolution\react\packages\react-dom\src\__tests__\ReactLegacyUpdates-test.js
Class Component,B,C:\Users\Francesco\PycharmProjects\FSS Software Evolution\FSS Software Evolution\react\packages\react-dom\src\__tests__\ReactLegacyUpdates-test.js
Class Component,ErrorBoundary,C:\Users\Francesco\PycharmProjects\FSS Software Evolution\FSS Software Evolution\react\packages\react-dom\src\__tests__\ReactLegacyUpdates-test.js
Class Component,NonTerminating,C:\Users\Francesco\PycharmProjects\FSS Software Evolution\FSS Software Evolution\react\packages\react-dom\src\__tests__\ReactLegacyUpdates-test.js
Class Component,Child,C:\Users\Francesco\PycharmProjects\FSS Software Evolution\FSS Software Evolution\react\packages\react-dom\src\__tests__\ReactLegacyUpdates-test.js
Class Component,App,C:\Users\Francesco\PycharmProjects\FSS Software Evolution\FSS Software Evolution\react\packages\react-dom\src\__tests__\ReactLegacyUpdates-test.js
Class Component,MockComponent,C:\Users\Francesco\PycharmProjects\FSS Software Evolution\FSS Software Evolution\react\packages\react-dom\src\__tests__\ReactMultiChild-test.js
Class Component,MockComponent,C:\Users\Francesco\PycharmProjects\FSS Software Evolution\FSS Software Evolution\react\packages\react-dom\src\__tests__\ReactMultiChild-test.js
Class Component,MockComponent,C:\Users\Francesco\PycharmProjects\FSS Software Evolution\FSS Software Evolution\react\packages\react-dom\src\__tests__\ReactMultiChild-test.js
Class Component,WrapperComponent,C:\Users\Francesco\PycharmProjects\FSS Software Evolution\FSS Software Evolution\react\packages\react-dom\src\__tests__\ReactMultiChild-test.js
Class Component,MockComponent,C:\Users\Francesco\PycharmProjects\FSS Software Evolution\FSS Software Evolution\react\packages\react-dom\src\__tests__\ReactMultiChild-test.js
Class Component,WrapperComponent,C:\Users\Francesco\PycharmProjects\FSS Software Evolution\FSS Software Evolution\react\packages\react-dom\src\__tests__\ReactMultiChild-test.js
Class Component,Parent,C:\Users\Francesco\PycharmProjects\FSS Software Evolution\FSS Software Evolution\react\packages\react-dom\src\__tests__\ReactMultiChild-test.js
Class Component,WrapperComponent,C:\Users\Francesco\PycharmProjects\FSS Software Evolution\FSS Software Evolution\react\packages\react-dom\src\__tests__\ReactMultiChild-test.js
Class Component,Parent,C:\Users\Francesco\PycharmProjects\FSS Software Evolution\FSS Software Evolution\react\packages\react-dom\src\__tests__\ReactMultiChild-test.js
Class Component,Parent,C:\Users\Francesco\PycharmProjects\FSS Software Evolution\FSS Software Evolution\react\packages\react-dom\src\__tests__\ReactMultiChild-test.js
Class Component,LetterInner,C:\Users\Francesco\PycharmProjects\FSS Software Evolution\FSS Software Evolution\react\packages\react-dom\src\__tests__\ReactMultiChild-test.js
Class Component,Letter,C:\Users\Francesco\PycharmProjects\FSS Software Evolution\FSS Software Evolution\react\packages\react-dom\src\__tests__\ReactMultiChild-test.js
Class Component,Letters,C:\Users\Francesco\PycharmProjects\FSS Software Evolution\FSS Software Evolution\react\packages\react-dom\src\__tests__\ReactMultiChild-test.js
Class Component,Spy,C:\Users\Francesco\PycharmProjects\FSS Software Evolution\FSS Software Evolution\react\packages\react-dom\src\__tests__\ReactMultiChild-test.js
Class Component,StatusDisplay,C:\Users\Francesco\PycharmProjects\FSS Software Evolution\FSS Software Evolution\react\packages\react-dom\src\__tests__\ReactMultiChildReconcile-test.js
Class Component,FriendsStatusDisplay,C:\Users\Francesco\PycharmProjects\FSS Software Evolution\FSS Software Evolution\react\packages\react-dom\src\__tests__\ReactMultiChildReconcile-test.js
Class Component,Root,C:\Users\Francesco\PycharmProjects\FSS Software Evolution\FSS Software Evolution\react\packages\react-dom\src\__tests__\ReactRenderDocument-test.js
Class Component,Root,C:\Users\Francesco\PycharmProjects\FSS Software Evolution\FSS Software Evolution\react\packages\react-dom\src\__tests__\ReactRenderDocument-test.js
Class Component,Component,C:\Users\Francesco\PycharmProjects\FSS Software Evolution\FSS Software Evolution\react\packages\react-dom\src\__tests__\ReactRenderDocument-test.js
Class Component,Component2,C:\Users\Francesco\PycharmProjects\FSS Software Evolution\FSS Software Evolution\react\packages\react-dom\src\__tests__\ReactRenderDocument-test.js
Class Component,Component,C:\Users\Francesco\PycharmProjects\FSS Software Evolution\FSS Software Evolution\react\packages\react-dom\src\__tests__\ReactRenderDocument-test.js
Class Component,Component,C:\Users\Francesco\PycharmProjects\FSS Software Evolution\FSS Software Evolution\react\packages\react-dom\src\__tests__\ReactRenderDocument-test.js
Class Component,Component,C:\Users\Francesco\PycharmProjects\FSS Software Evolution\FSS Software Evolution\react\packages\react-dom\src\__tests__\ReactRenderDocument-test.js
Class Component,NullComponent,C:\Users\Francesco\PycharmProjects\FSS Software Evolution\FSS Software Evolution\react\packages\react-dom\src\__tests__\ReactServerRendering-test.js
Class Component,Parent,C:\Users\Francesco\PycharmProjects\FSS Software Evolution\FSS Software Evolution\react\packages\react-dom\src\__tests__\ReactServerRendering-test.js
Class Component,Child,C:\Users\Francesco\PycharmProjects\FSS Software Evolution\FSS Software Evolution\react\packages\react-dom\src\__tests__\ReactServerRendering-test.js
Class Component,TestComponent,C:\Users\Francesco\PycharmProjects\FSS Software Evolution\FSS Software Evolution\react\packages\react-dom\src\__tests__\ReactServerRendering-test.js
Class Component,NestedComponent,C:\Users\Francesco\PycharmProjects\FSS Software Evolution\FSS Software Evolution\react\packages\react-dom\src\__tests__\ReactServerRendering-test.js
Class Component,TestComponent,C:\Users\Francesco\PycharmProjects\FSS Software Evolution\FSS Software Evolution\react\packages\react-dom\src\__tests__\ReactServerRendering-test.js
Class Component,TestComponent,C:\Users\Francesco\PycharmProjects\FSS Software Evolution\FSS Software Evolution\react\packages\react-dom\src\__tests__\ReactServerRendering-test.js
Class Component,TestComponent,C:\Users\Francesco\PycharmProjects\FSS Software Evolution\FSS Software Evolution\react\packages\react-dom\src\__tests__\ReactServerRendering-test.js
Class Component,TestComponent,C:\Users\Francesco\PycharmProjects\FSS Software Evolution\FSS Software Evolution\react\packages\react-dom\src\__tests__\ReactServerRendering-test.js
Class Component,Component,C:\Users\Francesco\PycharmProjects\FSS Software Evolution\FSS Software Evolution\react\packages\react-dom\src\__tests__\ReactServerRendering-test.js
Class Component,Component,C:\Users\Francesco\PycharmProjects\FSS Software Evolution\FSS Software Evolution\react\packages\react-dom\src\__tests__\ReactServerRendering-test.js
Class Component,Component,C:\Users\Francesco\PycharmProjects\FSS Software Evolution\FSS Software Evolution\react\packages\react-dom\src\__tests__\ReactServerRendering-test.js
Class Component,Component,C:\Users\Francesco\PycharmProjects\FSS Software Evolution\FSS Software Evolution\react\packages\react-dom\src\__tests__\ReactServerRendering-test.js
Class Component,ContextProvider,C:\Users\Francesco\PycharmProjects\FSS Software Evolution\FSS Software Evolution\react\packages\react-dom\src\__tests__\ReactServerRendering-test.js
Class Component,StaticComponent,C:\Users\Francesco\PycharmProjects\FSS Software Evolution\FSS Software Evolution\react\packages\react-dom\src\__tests__\ReactServerRendering-test.js
Class Component,Component,C:\Users\Francesco\PycharmProjects\FSS Software Evolution\FSS Software Evolution\react\packages\react-dom\src\__tests__\ReactServerRendering-test.js
Class Component,Foo,C:\Users\Francesco\PycharmProjects\FSS Software Evolution\FSS Software Evolution\react\packages\react-dom\src\__tests__\ReactServerRendering-test.js
Class Component,Baz,C:\Users\Francesco\PycharmProjects\FSS Software Evolution\FSS Software Evolution\react\packages\react-dom\src\__tests__\ReactServerRendering-test.js
Class Component,C,C:\Users\Francesco\PycharmProjects\FSS Software Evolution\FSS Software Evolution\react\packages\react-dom\src\__tests__\ReactServerRendering-test.js
Class Component,ComponentA,C:\Users\Francesco\PycharmProjects\FSS Software Evolution\FSS Software Evolution\react\packages\react-dom\src\__tests__\ReactServerRendering-test.js
Class Component,ComponentB,C:\Users\Francesco\PycharmProjects\FSS Software Evolution\FSS Software Evolution\react\packages\react-dom\src\__tests__\ReactServerRendering-test.js
Class Component,Foo,C:\Users\Francesco\PycharmProjects\FSS Software Evolution\FSS Software Evolution\react\packages\react-dom\src\__tests__\ReactServerRendering-test.js
Class Component,Foo,C:\Users\Francesco\PycharmProjects\FSS Software Evolution\FSS Software Evolution\react\packages\react-dom\src\__tests__\ReactServerRendering-test.js
Class Component,Foo,C:\Users\Francesco\PycharmProjects\FSS Software Evolution\FSS Software Evolution\react\packages\react-dom\src\__tests__\ReactServerRendering-test.js
Class Component,Foo,C:\Users\Francesco\PycharmProjects\FSS Software Evolution\FSS Software Evolution\react\packages\react-dom\src\__tests__\ReactServerRendering-test.js
Function Component,Foo,C:\Users\Francesco\PycharmProjects\FSS Software Evolution\FSS Software Evolution\react\packages\react-dom\src\__tests__\ReactServerRendering-test.js
Function Component,Child2,C:\Users\Francesco\PycharmProjects\FSS Software Evolution\FSS Software Evolution\react\packages\react-dom\src\__tests__\ReactServerRendering-test.js
Class Component,Nice,C:\Users\Francesco\PycharmProjects\FSS Software Evolution\FSS Software Evolution\react\packages\react-dom\src\__tests__\ReactServerRenderingBrowser-test.js
Class Component,TestComponent,C:\Users\Francesco\PycharmProjects\FSS Software Evolution\FSS Software Evolution\react\packages\react-dom\src\__tests__\ReactServerRenderingHydration-test.js
Class Component,ComponentWithWarning,C:\Users\Francesco\PycharmProjects\FSS Software Evolution\FSS Software Evolution\react\packages\react-dom\src\__tests__\ReactServerRenderingHydration-test.js
Class Component,HelloWorld,C:\Users\Francesco\PycharmProjects\FSS Software Evolution\FSS Software Evolution\react\packages\react-dom\src\__tests__\ReactServerRenderingHydration-test.js
Class Component,Component,C:\Users\Francesco\PycharmProjects\FSS Software Evolution\FSS Software Evolution\react\packages\react-dom\src\__tests__\ReactUpdates-test.js
Class Component,Component,C:\Users\Francesco\PycharmProjects\FSS Software Evolution\FSS Software Evolution\react\packages\react-dom\src\__tests__\ReactUpdates-test.js
Class Component,Parent,C:\Users\Francesco\PycharmProjects\FSS Software Evolution\FSS Software Evolution\react\packages\react-dom\src\__tests__\ReactUpdates-test.js
Class Component,Child,C:\Users\Francesco\PycharmProjects\FSS Software Evolution\FSS Software Evolution\react\packages\react-dom\src\__tests__\ReactUpdates-test.js
Class Component,Top,C:\Users\Francesco\PycharmProjects\FSS Software Evolution\FSS Software Evolution\react\packages\react-dom\src\__tests__\ReactUpdates-test.js
Class Component,Middle,C:\Users\Francesco\PycharmProjects\FSS Software Evolution\FSS Software Evolution\react\packages\react-dom\src\__tests__\ReactUpdates-test.js
Class Component,Bottom,C:\Users\Francesco\PycharmProjects\FSS Software Evolution\FSS Software Evolution\react\packages\react-dom\src\__tests__\ReactUpdates-test.js
Class Component,Box,C:\Users\Francesco\PycharmProjects\FSS Software Evolution\FSS Software Evolution\react\packages\react-dom\src\__tests__\ReactUpdates-test.js
Class Component,Child,C:\Users\Francesco\PycharmProjects\FSS Software Evolution\FSS Software Evolution\react\packages\react-dom\src\__tests__\ReactUpdates-test.js
Class Component,Switcher,C:\Users\Francesco\PycharmProjects\FSS Software Evolution\FSS Software Evolution\react\packages\react-dom\src\__tests__\ReactUpdates-test.js
Class Component,App,C:\Users\Francesco\PycharmProjects\FSS Software Evolution\FSS Software Evolution\react\packages\react-dom\src\__tests__\ReactUpdates-test.js
Class Component,A,C:\Users\Francesco\PycharmProjects\FSS Software Evolution\FSS Software Evolution\react\packages\react-dom\src\__tests__\ReactUpdates-test.js
Class Component,B,C:\Users\Francesco\PycharmProjects\FSS Software Evolution\FSS Software Evolution\react\packages\react-dom\src\__tests__\ReactUpdates-test.js
Class Component,Outer,C:\Users\Francesco\PycharmProjects\FSS Software Evolution\FSS Software Evolution\react\packages\react-dom\src\__tests__\ReactUpdates-test.js
Class Component,Inner,C:\Users\Francesco\PycharmProjects\FSS Software Evolution\FSS Software Evolution\react\packages\react-dom\src\__tests__\ReactUpdates-test.js
Class Component,MockComponent,C:\Users\Francesco\PycharmProjects\FSS Software Evolution\FSS Software Evolution\react\packages\react-dom\src\__tests__\ReactUpdates-test.js
Class Component,X,C:\Users\Francesco\PycharmProjects\FSS Software Evolution\FSS Software Evolution\react\packages\react-dom\src\__tests__\ReactUpdates-test.js
Class Component,Y,C:\Users\Francesco\PycharmProjects\FSS Software Evolution\FSS Software Evolution\react\packages\react-dom\src\__tests__\ReactUpdates-test.js
Class Component,Z,C:\Users\Francesco\PycharmProjects\FSS Software Evolution\FSS Software Evolution\react\packages\react-dom\src\__tests__\ReactUpdates-test.js
Class Component,A,C:\Users\Francesco\PycharmProjects\FSS Software Evolution\FSS Software Evolution\react\packages\react-dom\src\__tests__\ReactUpdates-test.js
Class Component,B,C:\Users\Francesco\PycharmProjects\FSS Software Evolution\FSS Software Evolution\react\packages\react-dom\src\__tests__\ReactUpdates-test.js
Class Component,A,C:\Users\Francesco\PycharmProjects\FSS Software Evolution\FSS Software Evolution\react\packages\react-dom\src\__tests__\ReactUpdates-test.js
Class Component,B,C:\Users\Francesco\PycharmProjects\FSS Software Evolution\FSS Software Evolution\react\packages\react-dom\src\__tests__\ReactUpdates-test.js
Class Component,A,C:\Users\Francesco\PycharmProjects\FSS Software Evolution\FSS Software Evolution\react\packages\react-dom\src\__tests__\ReactUpdates-test.js
Class Component,A,C:\Users\Francesco\PycharmProjects\FSS Software Evolution\FSS Software Evolution\react\packages\react-dom\src\__tests__\ReactUpdates-test.js
Class Component,A,C:\Users\Francesco\PycharmProjects\FSS Software Evolution\FSS Software Evolution\react\packages\react-dom\src\__tests__\ReactUpdates-test.js
Class Component,Parent,C:\Users\Francesco\PycharmProjects\FSS Software Evolution\FSS Software Evolution\react\packages\react-dom\src\__tests__\ReactUpdates-test.js
Class Component,Child,C:\Users\Francesco\PycharmProjects\FSS Software Evolution\FSS Software Evolution\react\packages\react-dom\src\__tests__\ReactUpdates-test.js
Class Component,App,C:\Users\Francesco\PycharmProjects\FSS Software Evolution\FSS Software Evolution\react\packages\react-dom\src\__tests__\ReactUpdates-test.js
Class Component,EmitsChangeOnUnmount,C:\Users\Francesco\PycharmProjects\FSS Software Evolution\FSS Software Evolution\react\packages\react-dom\src\__tests__\ReactUpdates-test.js
Class Component,ForceUpdatesOnChange,C:\Users\Francesco\PycharmProjects\FSS Software Evolution\FSS Software Evolution\react\packages\react-dom\src\__tests__\ReactUpdates-test.js
Class Component,Editor,C:\Users\Francesco\PycharmProjects\FSS Software Evolution\FSS Software Evolution\react\packages\react-dom\src\__tests__\ReactUpdates-test.js
Class Component,Foo,C:\Users\Francesco\PycharmProjects\FSS Software Evolution\FSS Software Evolution\react\packages\react-dom\src\__tests__\ReactUpdates-test.js
Class Component,Foo,C:\Users\Francesco\PycharmProjects\FSS Software Evolution\FSS Software Evolution\react\packages\react-dom\src\__tests__\ReactUpdates-test.js
Class Component,Foo,C:\Users\Francesco\PycharmProjects\FSS Software Evolution\FSS Software Evolution\react\packages\react-dom\src\__tests__\ReactUpdates-test.js
Class Component,EventuallyTerminating,C:\Users\Francesco\PycharmProjects\FSS Software Evolution\FSS Software Evolution\react\packages\react-dom\src\__tests__\ReactUpdates-test.js
Class Component,NonTerminating,C:\Users\Francesco\PycharmProjects\FSS Software Evolution\FSS Software Evolution\react\packages\react-dom\src\__tests__\ReactUpdates-test.js
Class Component,NonTerminating,C:\Users\Francesco\PycharmProjects\FSS Software Evolution\FSS Software Evolution\react\packages\react-dom\src\__tests__\ReactUpdates-test.js
Class Component,Terminating,C:\Users\Francesco\PycharmProjects\FSS Software Evolution\FSS Software Evolution\react\packages\react-dom\src\__tests__\ReactUpdates-test.js
Class Component,A,C:\Users\Francesco\PycharmProjects\FSS Software Evolution\FSS Software Evolution\react\packages\react-dom\src\__tests__\ReactUpdates-test.js
Class Component,B,C:\Users\Francesco\PycharmProjects\FSS Software Evolution\FSS Software Evolution\react\packages\react-dom\src\__tests__\ReactUpdates-test.js
Class Component,ErrorBoundary,C:\Users\Francesco\PycharmProjects\FSS Software Evolution\FSS Software Evolution\react\packages\react-dom\src\__tests__\ReactUpdates-test.js
Class Component,NonTerminating,C:\Users\Francesco\PycharmProjects\FSS Software Evolution\FSS Software Evolution\react\packages\react-dom\src\__tests__\ReactUpdates-test.js
Class Component,Child,C:\Users\Francesco\PycharmProjects\FSS Software Evolution\FSS Software Evolution\react\packages\react-dom\src\__tests__\ReactUpdates-test.js
Class Component,App,C:\Users\Francesco\PycharmProjects\FSS Software Evolution\FSS Software Evolution\react\packages\react-dom\src\__tests__\ReactUpdates-test.js
Function Component,App,C:\Users\Francesco\PycharmProjects\FSS Software Evolution\FSS Software Evolution\react\packages\react-dom\src\__tests__\ReactUpdates-test.js
Class Component,ClassComponent,C:\Users\Francesco\PycharmProjects\FSS Software Evolution\FSS Software Evolution\react\packages\react-dom\src\__tests__\refs-destruction-test.js
Class Component,Modal,C:\Users\Francesco\PycharmProjects\FSS Software Evolution\FSS Software Evolution\react\packages\react-dom\src\__tests__\refs-destruction-test.js
Class Component,AppModal,C:\Users\Francesco\PycharmProjects\FSS Software Evolution\FSS Software Evolution\react\packages\react-dom\src\__tests__\refs-destruction-test.js
Class Component,App,C:\Users\Francesco\PycharmProjects\FSS Software Evolution\FSS Software Evolution\react\packages\react-dom\src\__tests__\refs-destruction-test.js
Class Component,Component,C:\Users\Francesco\PycharmProjects\FSS Software Evolution\FSS Software Evolution\react\packages\react-dom\src\__tests__\refs-test.js
Class Component,Outer,C:\Users\Francesco\PycharmProjects\FSS Software Evolution\FSS Software Evolution\react\packages\react-dom\src\__tests__\refs-test.js
Class Component,Comp,C:\Users\Francesco\PycharmProjects\FSS Software Evolution\FSS Software Evolution\react\packages\react-dom\src\__tests__\refs-test.js
Function Component,Inner,C:\Users\Francesco\PycharmProjects\FSS Software Evolution\FSS Software Evolution\react\packages\react-dom\src\__tests__\refs-test.js
Class Component,Comp,C:\Users\Francesco\PycharmProjects\FSS Software Evolution\FSS Software Evolution\react\packages\react-dom\src\__tests__\refsLegacy-test.js
Class Component,Component,C:\Users\Francesco\PycharmProjects\FSS Software Evolution\FSS Software Evolution\react\packages\react-is\src\__tests__\ReactIs-test.js
Class Component,PureComponent,C:\Users\Francesco\PycharmProjects\FSS Software Evolution\FSS Software Evolution\react\packages\react-is\src\__tests__\ReactIs-test.js
Function Component,Component,C:\Users\Francesco\PycharmProjects\FSS Software Evolution\FSS Software Evolution\react\packages\react-markup\src\__tests__\ReactMarkupClient-test.js
Function Component,Component,C:\Users\Francesco\PycharmProjects\FSS Software Evolution\FSS Software Evolution\react\packages\react-markup\src\__tests__\ReactMarkupClient-test.js
Function Component,Foo,C:\Users\Francesco\PycharmProjects\FSS Software Evolution\FSS Software Evolution\react\packages\react-markup\src\__tests__\ReactMarkupClient-test.js
Class Component,BasicClass,C:\Users\Francesco\PycharmProjects\FSS Software Evolution\FSS Software Evolution\react\packages\react-native-renderer\src\__tests__\ReactFabric-test.internal.js
Class Component,BasicClass,C:\Users\Francesco\PycharmProjects\FSS Software Evolution\FSS Software Evolution\react\packages\react-native-renderer\src\__tests__\ReactFabric-test.internal.js
Class Component,Component,C:\Users\Francesco\PycharmProjects\FSS Software Evolution\FSS Software Evolution\react\packages\react-native-renderer\src\__tests__\ReactFabric-test.internal.js
Class Component,Component,C:\Users\Francesco\PycharmProjects\FSS Software Evolution\FSS Software Evolution\react\packages\react-native-renderer\src\__tests__\ReactFabric-test.internal.js
Class Component,Component,C:\Users\Francesco\PycharmProjects\FSS Software Evolution\FSS Software Evolution\react\packages\react-native-renderer\src\__tests__\ReactFabric-test.internal.js
Class Component,ContainsStrictModeChild,C:\Users\Francesco\PycharmProjects\FSS Software Evolution\FSS Software Evolution\react\packages\react-native-renderer\src\__tests__\ReactFabric-test.internal.js
Class Component,IsInStrictMode,C:\Users\Francesco\PycharmProjects\FSS Software Evolution\FSS Software Evolution\react\packages\react-native-renderer\src\__tests__\ReactFabric-test.internal.js
Class Component,ContainsStrictModeChild,C:\Users\Francesco\PycharmProjects\FSS Software Evolution\FSS Software Evolution\react\packages\react-native-renderer\src\__tests__\ReactFabric-test.internal.js
Class Component,IsInStrictMode,C:\Users\Francesco\PycharmProjects\FSS Software Evolution\FSS Software Evolution\react\packages\react-native-renderer\src\__tests__\ReactFabric-test.internal.js
Class Component,TestComponent,C:\Users\Francesco\PycharmProjects\FSS Software Evolution\FSS Software Evolution\react\packages\react-native-renderer\src\__tests__\ReactFabric-test.internal.js
Class Component,TestComponent,C:\Users\Francesco\PycharmProjects\FSS Software Evolution\FSS Software Evolution\react\packages\react-native-renderer\src\__tests__\ReactFabric-test.internal.js
Class Component,Component,C:\Users\Francesco\PycharmProjects\FSS Software Evolution\FSS Software Evolution\react\packages\react-native-renderer\src\__tests__\ReactFabricAndNative-test.internal.js
Class Component,Component,C:\Users\Francesco\PycharmProjects\FSS Software Evolution\FSS Software Evolution\react\packages\react-native-renderer\src\__tests__\ReactFabricAndNative-test.internal.js
Class Component,Component,C:\Users\Francesco\PycharmProjects\FSS Software Evolution\FSS Software Evolution\react\packages\react-native-renderer\src\__tests__\ReactFabricAndNative-test.internal.js
Class Component,Component,C:\Users\Francesco\PycharmProjects\FSS Software Evolution\FSS Software Evolution\react\packages\react-native-renderer\src\__tests__\ReactFabricAndNative-test.internal.js
Class Component,ContextHack,C:\Users\Francesco\PycharmProjects\FSS Software Evolution\FSS Software Evolution\react\packages\react-native-renderer\src\__tests__\ReactNativeEvents-test.internal.js
Class Component,BasicClass,C:\Users\Francesco\PycharmProjects\FSS Software Evolution\FSS Software Evolution\react\packages\react-native-renderer\src\__tests__\ReactNativeMount-test.internal.js
Class Component,BasicClass,C:\Users\Francesco\PycharmProjects\FSS Software Evolution\FSS Software Evolution\react\packages\react-native-renderer\src\__tests__\ReactNativeMount-test.internal.js
Class Component,Component,C:\Users\Francesco\PycharmProjects\FSS Software Evolution\FSS Software Evolution\react\packages\react-native-renderer\src\__tests__\ReactNativeMount-test.internal.js
Class Component,Component,C:\Users\Francesco\PycharmProjects\FSS Software Evolution\FSS Software Evolution\react\packages\react-native-renderer\src\__tests__\ReactNativeMount-test.internal.js
Class Component,ContainsStrictModeChild,C:\Users\Francesco\PycharmProjects\FSS Software Evolution\FSS Software Evolution\react\packages\react-native-renderer\src\__tests__\ReactNativeMount-test.internal.js
Class Component,IsInStrictMode,C:\Users\Francesco\PycharmProjects\FSS Software Evolution\FSS Software Evolution\react\packages\react-native-renderer\src\__tests__\ReactNativeMount-test.internal.js
Class Component,ContainsStrictModeChild,C:\Users\Francesco\PycharmProjects\FSS Software Evolution\FSS Software Evolution\react\packages\react-native-renderer\src\__tests__\ReactNativeMount-test.internal.js
Class Component,IsInStrictMode,C:\Users\Francesco\PycharmProjects\FSS Software Evolution\FSS Software Evolution\react\packages\react-native-renderer\src\__tests__\ReactNativeMount-test.internal.js
Class Component,ChildComponent,C:\Users\Francesco\PycharmProjects\FSS Software Evolution\FSS Software Evolution\react\packages\react-native-renderer\src\__tests__\ResponderEventPlugin-test.internal.js
Class Component,ParentComponent,C:\Users\Francesco\PycharmProjects\FSS Software Evolution\FSS Software Evolution\react\packages\react-native-renderer\src\__tests__\ResponderEventPlugin-test.internal.js
Class Component,ClassComponent,C:\Users\Francesco\PycharmProjects\FSS Software Evolution\FSS Software Evolution\react\packages\react-reconciler\src\__tests__\Activity-test.js
Class Component,Child,C:\Users\Francesco\PycharmProjects\FSS Software Evolution\FSS Software Evolution\react\packages\react-reconciler\src\__tests__\Activity-test.js
Class Component,Child,C:\Users\Francesco\PycharmProjects\FSS Software Evolution\FSS Software Evolution\react\packages\react-reconciler\src\__tests__\Activity-test.js
Class Component,Child,C:\Users\Francesco\PycharmProjects\FSS Software Evolution\FSS Software Evolution\react\packages\react-reconciler\src\__tests__\Activity-test.js
Class Component,Example,C:\Users\Francesco\PycharmProjects\FSS Software Evolution\FSS Software Evolution\react\packages\react-reconciler\src\__tests__\DebugTracing-test.internal.js
Class Component,Example,C:\Users\Francesco\PycharmProjects\FSS Software Evolution\FSS Software Evolution\react\packages\react-reconciler\src\__tests__\DebugTracing-test.internal.js
Class Component,App,C:\Users\Francesco\PycharmProjects\FSS Software Evolution\FSS Software Evolution\react\packages\react-reconciler\src\__tests__\ReactActWarnings-test.js
Class Component,ErrorBoundary,C:\Users\Francesco\PycharmProjects\FSS Software Evolution\FSS Software Evolution\react\packages\react-reconciler\src\__tests__\ReactAsyncActions-test.js
Class Component,ErrorBoundary,C:\Users\Francesco\PycharmProjects\FSS Software Evolution\FSS Software Evolution\react\packages\react-reconciler\src\__tests__\ReactAsyncActions-test.js
Class Component,ErrorBoundary,C:\Users\Francesco\PycharmProjects\FSS Software Evolution\FSS Software Evolution\react\packages\react-reconciler\src\__tests__\ReactAsyncActions-test.js
Class Component,Sibling,C:\Users\Francesco\PycharmProjects\FSS Software Evolution\FSS Software Evolution\react\packages\react-reconciler\src\__tests__\ReactAsyncActions-test.js
Function Component,App,C:\Users\Francesco\PycharmProjects\FSS Software Evolution\FSS Software Evolution\react\packages\react-reconciler\src\__tests__\ReactAsyncActions-test.js
Class Component,Component,C:\Users\Francesco\PycharmProjects\FSS Software Evolution\FSS Software Evolution\react\packages\react-reconciler\src\__tests__\ReactClassComponentPropResolution-test.js
Class Component,App,C:\Users\Francesco\PycharmProjects\FSS Software Evolution\FSS Software Evolution\react\packages\react-reconciler\src\__tests__\ReactClassSetStateCallback-test.js
Class Component,ErrorBoundary,C:\Users\Francesco\PycharmProjects\FSS Software Evolution\FSS Software Evolution\react\packages\react-reconciler\src\__tests__\ReactConcurrentErrorRecovery-test.js
Class Component,ErrorBoundary,C:\Users\Francesco\PycharmProjects\FSS Software Evolution\FSS Software Evolution\react\packages\react-reconciler\src\__tests__\ReactConcurrentErrorRecovery-test.js
Class Component,ErrorBoundary,C:\Users\Francesco\PycharmProjects\FSS Software Evolution\FSS Software Evolution\react\packages\react-reconciler\src\__tests__\ReactConcurrentErrorRecovery-test.js
Class Component,ErrorBoundary,C:\Users\Francesco\PycharmProjects\FSS Software Evolution\FSS Software Evolution\react\packages\react-reconciler\src\__tests__\ReactConcurrentErrorRecovery-test.js
Class Component,ErrorThrowingComponent,C:\Users\Francesco\PycharmProjects\FSS Software Evolution\FSS Software Evolution\react\packages\react-reconciler\src\__tests__\ReactConfigurableErrorLogging-test.js
Class Component,ErrorThrowingComponent,C:\Users\Francesco\PycharmProjects\FSS Software Evolution\FSS Software Evolution\react\packages\react-reconciler\src\__tests__\ReactConfigurableErrorLogging-test.js
Class Component,ErrorBoundary,C:\Users\Francesco\PycharmProjects\FSS Software Evolution\FSS Software Evolution\react\packages\react-reconciler\src\__tests__\ReactConfigurableErrorLogging-test.js
Class Component,ErrorThrowingComponent,C:\Users\Francesco\PycharmProjects\FSS Software Evolution\FSS Software Evolution\react\packages\react-reconciler\src\__tests__\ReactConfigurableErrorLogging-test.js
Class Component,Consumer,C:\Users\Francesco\PycharmProjects\FSS Software Evolution\FSS Software Evolution\react\packages\react-reconciler\src\__tests__\ReactContextPropagation-test.js
Function Component,DeepChild,C:\Users\Francesco\PycharmProjects\FSS Software Evolution\FSS Software Evolution\react\packages\react-reconciler\src\__tests__\ReactContextPropagation-test.js
Function Component,DeepChild,C:\Users\Francesco\PycharmProjects\FSS Software Evolution\FSS Software Evolution\react\packages\react-reconciler\src\__tests__\ReactContextPropagation-test.js
Function Component,DeepChild,C:\Users\Francesco\PycharmProjects\FSS Software Evolution\FSS Software Evolution\react\packages\react-reconciler\src\__tests__\ReactContextPropagation-test.js
Class Component,RethrowingBoundary,C:\Users\Francesco\PycharmProjects\FSS Software Evolution\FSS Software Evolution\react\packages\react-reconciler\src\__tests__\ReactErrorStacks-test.js
Class Component,CatchingBoundary,C:\Users\Francesco\PycharmProjects\FSS Software Evolution\FSS Software Evolution\react\packages\react-reconciler\src\__tests__\ReactErrorStacks-test.js
Class Component,RethrowingBoundary,C:\Users\Francesco\PycharmProjects\FSS Software Evolution\FSS Software Evolution\react\packages\react-reconciler\src\__tests__\ReactErrorStacks-test.js
Class Component,CatchingBoundary,C:\Users\Francesco\PycharmProjects\FSS Software Evolution\FSS Software Evolution\react\packages\react-reconciler\src\__tests__\ReactErrorStacks-test.js
Function Component,Bar,C:\Users\Francesco\PycharmProjects\FSS Software Evolution\FSS Software Evolution\react\packages\react-reconciler\src\__tests__\ReactErrorStacks-test.js
Function Component,Bar,C:\Users\Francesco\PycharmProjects\FSS Software Evolution\FSS Software Evolution\react\packages\react-reconciler\src\__tests__\ReactErrorStacks-test.js
Class Component,TextClass,C:\Users\Francesco\PycharmProjects\FSS Software Evolution\FSS Software Evolution\react\packages\react-reconciler\src\__tests__\ReactExpiration-test.js
Class Component,TextClass,C:\Users\Francesco\PycharmProjects\FSS Software Evolution\FSS Software Evolution\react\packages\react-reconciler\src\__tests__\ReactExpiration-test.js
Class Component,Connected,C:\Users\Francesco\PycharmProjects\FSS Software Evolution\FSS Software Evolution\react\packages\react-reconciler\src\__tests__\ReactExpiration-test.js
Class Component,Component,C:\Users\Francesco\PycharmProjects\FSS Software Evolution\FSS Software Evolution\react\packages\react-reconciler\src\__tests__\ReactFiberRefs-test.js
Class Component,Owner,C:\Users\Francesco\PycharmProjects\FSS Software Evolution\FSS Software Evolution\react\packages\react-reconciler\src\__tests__\ReactFiberRefs-test.js
Class Component,App,C:\Users\Francesco\PycharmProjects\FSS Software Evolution\FSS Software Evolution\react\packages\react-reconciler\src\__tests__\ReactFiberRefs-test.js
Class Component,Component,C:\Users\Francesco\PycharmProjects\FSS Software Evolution\FSS Software Evolution\react\packages\react-reconciler\src\__tests__\ReactFiberRefs-test.js
Class Component,Stateful,C:\Users\Francesco\PycharmProjects\FSS Software Evolution\FSS Software Evolution\react\packages\react-reconciler\src\__tests__\ReactFragment-test.js
Class Component,Stateful,C:\Users\Francesco\PycharmProjects\FSS Software Evolution\FSS Software Evolution\react\packages\react-reconciler\src\__tests__\ReactFragment-test.js
Class Component,Stateful,C:\Users\Francesco\PycharmProjects\FSS Software Evolution\FSS Software Evolution\react\packages\react-reconciler\src\__tests__\ReactFragment-test.js
Class Component,Stateful,C:\Users\Francesco\PycharmProjects\FSS Software Evolution\FSS Software Evolution\react\packages\react-reconciler\src\__tests__\ReactFragment-test.js
Class Component,Stateful,C:\Users\Francesco\PycharmProjects\FSS Software Evolution\FSS Software Evolution\react\packages\react-reconciler\src\__tests__\ReactFragment-test.js
Class Component,Stateful,C:\Users\Francesco\PycharmProjects\FSS Software Evolution\FSS Software Evolution\react\packages\react-reconciler\src\__tests__\ReactFragment-test.js
Class Component,Stateful,C:\Users\Francesco\PycharmProjects\FSS Software Evolution\FSS Software Evolution\react\packages\react-reconciler\src\__tests__\ReactFragment-test.js
Class Component,Stateful,C:\Users\Francesco\PycharmProjects\FSS Software Evolution\FSS Software Evolution\react\packages\react-reconciler\src\__tests__\ReactFragment-test.js
Class Component,Stateful,C:\Users\Francesco\PycharmProjects\FSS Software Evolution\FSS Software Evolution\react\packages\react-reconciler\src\__tests__\ReactFragment-test.js
Class Component,Stateful,C:\Users\Francesco\PycharmProjects\FSS Software Evolution\FSS Software Evolution\react\packages\react-reconciler\src\__tests__\ReactFragment-test.js
Class Component,Stateful,C:\Users\Francesco\PycharmProjects\FSS Software Evolution\FSS Software Evolution\react\packages\react-reconciler\src\__tests__\ReactFragment-test.js
Class Component,Stateful,C:\Users\Francesco\PycharmProjects\FSS Software Evolution\FSS Software Evolution\react\packages\react-reconciler\src\__tests__\ReactFragment-test.js
Class Component,Stateful,C:\Users\Francesco\PycharmProjects\FSS Software Evolution\FSS Software Evolution\react\packages\react-reconciler\src\__tests__\ReactFragment-test.js
Class Component,Stateful,C:\Users\Francesco\PycharmProjects\FSS Software Evolution\FSS Software Evolution\react\packages\react-reconciler\src\__tests__\ReactFragment-test.js
Class Component,Stateful,C:\Users\Francesco\PycharmProjects\FSS Software Evolution\FSS Software Evolution\react\packages\react-reconciler\src\__tests__\ReactFragment-test.js
Class Component,Stateful,C:\Users\Francesco\PycharmProjects\FSS Software Evolution\FSS Software Evolution\react\packages\react-reconciler\src\__tests__\ReactFragment-test.js
Class Component,Stateful,C:\Users\Francesco\PycharmProjects\FSS Software Evolution\FSS Software Evolution\react\packages\react-reconciler\src\__tests__\ReactFragment-test.js
Class Component,Stateful,C:\Users\Francesco\PycharmProjects\FSS Software Evolution\FSS Software Evolution\react\packages\react-reconciler\src\__tests__\ReactFragment-test.js
Class Component,Stateful,C:\Users\Francesco\PycharmProjects\FSS Software Evolution\FSS Software Evolution\react\packages\react-reconciler\src\__tests__\ReactFragment-test.js
Class Component,Stateful,C:\Users\Francesco\PycharmProjects\FSS Software Evolution\FSS Software Evolution\react\packages\react-reconciler\src\__tests__\ReactFragment-test.js
Class Component,Example,C:\Users\Francesco\PycharmProjects\FSS Software Evolution\FSS Software Evolution\react\packages\react-reconciler\src\__tests__\ReactHooks-test.internal.js
Class Component,Cls,C:\Users\Francesco\PycharmProjects\FSS Software Evolution\FSS Software Evolution\react\packages\react-reconciler\src\__tests__\ReactHooks-test.internal.js
Class Component,Boundary,C:\Users\Francesco\PycharmProjects\FSS Software Evolution\FSS Software Evolution\react\packages\react-reconciler\src\__tests__\ReactHooks-test.internal.js
Class Component,ErrorBoundary,C:\Users\Francesco\PycharmProjects\FSS Software Evolution\FSS Software Evolution\react\packages\react-reconciler\src\__tests__\ReactHooks-test.internal.js
Function Component,B,C:\Users\Francesco\PycharmProjects\FSS Software Evolution\FSS Software Evolution\react\packages\react-reconciler\src\__tests__\ReactHooks-test.internal.js
Class Component,BadCounter,C:\Users\Francesco\PycharmProjects\FSS Software Evolution\FSS Software Evolution\react\packages\react-reconciler\src\__tests__\ReactHooksWithNoopRenderer-test.js
Class Component,CounterB,C:\Users\Francesco\PycharmProjects\FSS Software Evolution\FSS Software Evolution\react\packages\react-reconciler\src\__tests__\ReactHooksWithNoopRenderer-test.js
Class Component,ErrorBoundary,C:\Users\Francesco\PycharmProjects\FSS Software Evolution\FSS Software Evolution\react\packages\react-reconciler\src\__tests__\ReactHooksWithNoopRenderer-test.js
Class Component,IncrementButton,C:\Users\Francesco\PycharmProjects\FSS Software Evolution\FSS Software Evolution\react\packages\react-reconciler\src\__tests__\ReactHooksWithNoopRenderer-test.js
Function Component,Child,C:\Users\Francesco\PycharmProjects\FSS Software Evolution\FSS Software Evolution\react\packages\react-reconciler\src\__tests__\ReactHooksWithNoopRenderer-test.js
Function Component,TextBox,C:\Users\Francesco\PycharmProjects\FSS Software Evolution\FSS Software Evolution\react\packages\react-reconciler\src\__tests__\ReactHooksWithNoopRenderer-test.js
Class Component,Foo,C:\Users\Francesco\PycharmProjects\FSS Software Evolution\FSS Software Evolution\react\packages\react-reconciler\src\__tests__\ReactIncremental-test.js
Class Component,Tester,C:\Users\Francesco\PycharmProjects\FSS Software Evolution\FSS Software Evolution\react\packages\react-reconciler\src\__tests__\ReactIncremental-test.js
Class Component,Content,C:\Users\Francesco\PycharmProjects\FSS Software Evolution\FSS Software Evolution\react\packages\react-reconciler\src\__tests__\ReactIncremental-test.js
Class Component,Parent,C:\Users\Francesco\PycharmProjects\FSS Software Evolution\FSS Software Evolution\react\packages\react-reconciler\src\__tests__\ReactIncremental-test.js
Class Component,Foo,C:\Users\Francesco\PycharmProjects\FSS Software Evolution\FSS Software Evolution\react\packages\react-reconciler\src\__tests__\ReactIncremental-test.js
Class Component,Parent,C:\Users\Francesco\PycharmProjects\FSS Software Evolution\FSS Software Evolution\react\packages\react-reconciler\src\__tests__\ReactIncremental-test.js
Class Component,Foo,C:\Users\Francesco\PycharmProjects\FSS Software Evolution\FSS Software Evolution\react\packages\react-reconciler\src\__tests__\ReactIncremental-test.js
Class Component,Child,C:\Users\Francesco\PycharmProjects\FSS Software Evolution\FSS Software Evolution\react\packages\react-reconciler\src\__tests__\ReactIncremental-test.js
Class Component,Sibling,C:\Users\Francesco\PycharmProjects\FSS Software Evolution\FSS Software Evolution\react\packages\react-reconciler\src\__tests__\ReactIncremental-test.js
Class Component,Middle,C:\Users\Francesco\PycharmProjects\FSS Software Evolution\FSS Software Evolution\react\packages\react-reconciler\src\__tests__\ReactIncremental-test.js
Class Component,Content,C:\Users\Francesco\PycharmProjects\FSS Software Evolution\FSS Software Evolution\react\packages\react-reconciler\src\__tests__\ReactIncremental-test.js
Class Component,Foo,C:\Users\Francesco\PycharmProjects\FSS Software Evolution\FSS Software Evolution\react\packages\react-reconciler\src\__tests__\ReactIncremental-test.js
Class Component,Bar,C:\Users\Francesco\PycharmProjects\FSS Software Evolution\FSS Software Evolution\react\packages\react-reconciler\src\__tests__\ReactIncremental-test.js
Class Component,Bar,C:\Users\Francesco\PycharmProjects\FSS Software Evolution\FSS Software Evolution\react\packages\react-reconciler\src\__tests__\ReactIncremental-test.js
Class Component,Bar,C:\Users\Francesco\PycharmProjects\FSS Software Evolution\FSS Software Evolution\react\packages\react-reconciler\src\__tests__\ReactIncremental-test.js
Class Component,Bar,C:\Users\Francesco\PycharmProjects\FSS Software Evolution\FSS Software Evolution\react\packages\react-reconciler\src\__tests__\ReactIncremental-test.js
Class Component,Bar,C:\Users\Francesco\PycharmProjects\FSS Software Evolution\FSS Software Evolution\react\packages\react-reconciler\src\__tests__\ReactIncremental-test.js
Class Component,Bar,C:\Users\Francesco\PycharmProjects\FSS Software Evolution\FSS Software Evolution\react\packages\react-reconciler\src\__tests__\ReactIncremental-test.js
Class Component,Foo,C:\Users\Francesco\PycharmProjects\FSS Software Evolution\FSS Software Evolution\react\packages\react-reconciler\src\__tests__\ReactIncremental-test.js
Class Component,Bar,C:\Users\Francesco\PycharmProjects\FSS Software Evolution\FSS Software Evolution\react\packages\react-reconciler\src\__tests__\ReactIncremental-test.js
Class Component,Bar,C:\Users\Francesco\PycharmProjects\FSS Software Evolution\FSS Software Evolution\react\packages\react-reconciler\src\__tests__\ReactIncremental-test.js
Class Component,LifeCycle,C:\Users\Francesco\PycharmProjects\FSS Software Evolution\FSS Software Evolution\react\packages\react-reconciler\src\__tests__\ReactIncremental-test.js
Class Component,LifeCycle,C:\Users\Francesco\PycharmProjects\FSS Software Evolution\FSS Software Evolution\react\packages\react-reconciler\src\__tests__\ReactIncremental-test.js
Class Component,LifeCycle,C:\Users\Francesco\PycharmProjects\FSS Software Evolution\FSS Software Evolution\react\packages\react-reconciler\src\__tests__\ReactIncremental-test.js
Class Component,LifeCycle,C:\Users\Francesco\PycharmProjects\FSS Software Evolution\FSS Software Evolution\react\packages\react-reconciler\src\__tests__\ReactIncremental-test.js
Class Component,Parent,C:\Users\Francesco\PycharmProjects\FSS Software Evolution\FSS Software Evolution\react\packages\react-reconciler\src\__tests__\ReactIncremental-test.js
Class Component,Child,C:\Users\Francesco\PycharmProjects\FSS Software Evolution\FSS Software Evolution\react\packages\react-reconciler\src\__tests__\ReactIncremental-test.js
Class Component,LifeCycle,C:\Users\Francesco\PycharmProjects\FSS Software Evolution\FSS Software Evolution\react\packages\react-reconciler\src\__tests__\ReactIncremental-test.js
Class Component,Wrap,C:\Users\Francesco\PycharmProjects\FSS Software Evolution\FSS Software Evolution\react\packages\react-reconciler\src\__tests__\ReactIncremental-test.js
Class Component,LifeCycle,C:\Users\Francesco\PycharmProjects\FSS Software Evolution\FSS Software Evolution\react\packages\react-reconciler\src\__tests__\ReactIncremental-test.js
Class Component,Foo,C:\Users\Francesco\PycharmProjects\FSS Software Evolution\FSS Software Evolution\react\packages\react-reconciler\src\__tests__\ReactIncremental-test.js
Class Component,Foo,C:\Users\Francesco\PycharmProjects\FSS Software Evolution\FSS Software Evolution\react\packages\react-reconciler\src\__tests__\ReactIncremental-test.js
Class Component,Intl,C:\Users\Francesco\PycharmProjects\FSS Software Evolution\FSS Software Evolution\react\packages\react-reconciler\src\__tests__\ReactIncremental-test.js
Class Component,Router,C:\Users\Francesco\PycharmProjects\FSS Software Evolution\FSS Software Evolution\react\packages\react-reconciler\src\__tests__\ReactIncremental-test.js
Class Component,ShowLocale,C:\Users\Francesco\PycharmProjects\FSS Software Evolution\FSS Software Evolution\react\packages\react-reconciler\src\__tests__\ReactIncremental-test.js
Class Component,ShowRoute,C:\Users\Francesco\PycharmProjects\FSS Software Evolution\FSS Software Evolution\react\packages\react-reconciler\src\__tests__\ReactIncremental-test.js
Class Component,ShowNeither,C:\Users\Francesco\PycharmProjects\FSS Software Evolution\FSS Software Evolution\react\packages\react-reconciler\src\__tests__\ReactIncremental-test.js
Class Component,Indirection,C:\Users\Francesco\PycharmProjects\FSS Software Evolution\FSS Software Evolution\react\packages\react-reconciler\src\__tests__\ReactIncremental-test.js
Class Component,Recurse,C:\Users\Francesco\PycharmProjects\FSS Software Evolution\FSS Software Evolution\react\packages\react-reconciler\src\__tests__\ReactIncremental-test.js
Class Component,Intl,C:\Users\Francesco\PycharmProjects\FSS Software Evolution\FSS Software Evolution\react\packages\react-reconciler\src\__tests__\ReactIncremental-test.js
Class Component,ShowLocale,C:\Users\Francesco\PycharmProjects\FSS Software Evolution\FSS Software Evolution\react\packages\react-reconciler\src\__tests__\ReactIncremental-test.js
Class Component,Intl,C:\Users\Francesco\PycharmProjects\FSS Software Evolution\FSS Software Evolution\react\packages\react-reconciler\src\__tests__\ReactIncremental-test.js
Class Component,ShowLocaleClass,C:\Users\Francesco\PycharmProjects\FSS Software Evolution\FSS Software Evolution\react\packages\react-reconciler\src\__tests__\ReactIncremental-test.js
Class Component,Stateful,C:\Users\Francesco\PycharmProjects\FSS Software Evolution\FSS Software Evolution\react\packages\react-reconciler\src\__tests__\ReactIncremental-test.js
Class Component,IndirectionClass,C:\Users\Francesco\PycharmProjects\FSS Software Evolution\FSS Software Evolution\react\packages\react-reconciler\src\__tests__\ReactIncremental-test.js
Class Component,Intl,C:\Users\Francesco\PycharmProjects\FSS Software Evolution\FSS Software Evolution\react\packages\react-reconciler\src\__tests__\ReactIncremental-test.js
Class Component,ShowLocaleClass,C:\Users\Francesco\PycharmProjects\FSS Software Evolution\FSS Software Evolution\react\packages\react-reconciler\src\__tests__\ReactIncremental-test.js
Class Component,IndirectionClass,C:\Users\Francesco\PycharmProjects\FSS Software Evolution\FSS Software Evolution\react\packages\react-reconciler\src\__tests__\ReactIncremental-test.js
Class Component,Stateful,C:\Users\Francesco\PycharmProjects\FSS Software Evolution\FSS Software Evolution\react\packages\react-reconciler\src\__tests__\ReactIncremental-test.js
Class Component,Root,C:\Users\Francesco\PycharmProjects\FSS Software Evolution\FSS Software Evolution\react\packages\react-reconciler\src\__tests__\ReactIncremental-test.js
Class Component,Middle,C:\Users\Francesco\PycharmProjects\FSS Software Evolution\FSS Software Evolution\react\packages\react-reconciler\src\__tests__\ReactIncremental-test.js
Class Component,Child,C:\Users\Francesco\PycharmProjects\FSS Software Evolution\FSS Software Evolution\react\packages\react-reconciler\src\__tests__\ReactIncremental-test.js
Class Component,Root,C:\Users\Francesco\PycharmProjects\FSS Software Evolution\FSS Software Evolution\react\packages\react-reconciler\src\__tests__\ReactIncremental-test.js
Class Component,ContextProvider,C:\Users\Francesco\PycharmProjects\FSS Software Evolution\FSS Software Evolution\react\packages\react-reconciler\src\__tests__\ReactIncremental-test.js
Class Component,MyComponent,C:\Users\Francesco\PycharmProjects\FSS Software Evolution\FSS Software Evolution\react\packages\react-reconciler\src\__tests__\ReactIncremental-test.js
Class Component,FirstChild,C:\Users\Francesco\PycharmProjects\FSS Software Evolution\FSS Software Evolution\react\packages\react-reconciler\src\__tests__\ReactIncremental-test.js
Class Component,Middle,C:\Users\Francesco\PycharmProjects\FSS Software Evolution\FSS Software Evolution\react\packages\react-reconciler\src\__tests__\ReactIncremental-test.js
Class Component,TopContextProvider,C:\Users\Francesco\PycharmProjects\FSS Software Evolution\FSS Software Evolution\react\packages\react-reconciler\src\__tests__\ReactIncremental-test.js
Class Component,Middle,C:\Users\Francesco\PycharmProjects\FSS Software Evolution\FSS Software Evolution\react\packages\react-reconciler\src\__tests__\ReactIncremental-test.js
Class Component,Child,C:\Users\Francesco\PycharmProjects\FSS Software Evolution\FSS Software Evolution\react\packages\react-reconciler\src\__tests__\ReactIncremental-test.js
Class Component,TopContextProvider,C:\Users\Francesco\PycharmProjects\FSS Software Evolution\FSS Software Evolution\react\packages\react-reconciler\src\__tests__\ReactIncremental-test.js
Class Component,MiddleContextProvider,C:\Users\Francesco\PycharmProjects\FSS Software Evolution\FSS Software Evolution\react\packages\react-reconciler\src\__tests__\ReactIncremental-test.js
Class Component,Child,C:\Users\Francesco\PycharmProjects\FSS Software Evolution\FSS Software Evolution\react\packages\react-reconciler\src\__tests__\ReactIncremental-test.js
Class Component,TopContextProvider,C:\Users\Francesco\PycharmProjects\FSS Software Evolution\FSS Software Evolution\react\packages\react-reconciler\src\__tests__\ReactIncremental-test.js
Class Component,MiddleScu,C:\Users\Francesco\PycharmProjects\FSS Software Evolution\FSS Software Evolution\react\packages\react-reconciler\src\__tests__\ReactIncremental-test.js
Class Component,MiddleContextProvider,C:\Users\Francesco\PycharmProjects\FSS Software Evolution\FSS Software Evolution\react\packages\react-reconciler\src\__tests__\ReactIncremental-test.js
Class Component,Child,C:\Users\Francesco\PycharmProjects\FSS Software Evolution\FSS Software Evolution\react\packages\react-reconciler\src\__tests__\ReactIncremental-test.js
Class Component,TopContextProvider,C:\Users\Francesco\PycharmProjects\FSS Software Evolution\FSS Software Evolution\react\packages\react-reconciler\src\__tests__\ReactIncremental-test.js
Class Component,MiddleScu,C:\Users\Francesco\PycharmProjects\FSS Software Evolution\FSS Software Evolution\react\packages\react-reconciler\src\__tests__\ReactIncremental-test.js
Class Component,MiddleContextProvider,C:\Users\Francesco\PycharmProjects\FSS Software Evolution\FSS Software Evolution\react\packages\react-reconciler\src\__tests__\ReactIncremental-test.js
Class Component,Child,C:\Users\Francesco\PycharmProjects\FSS Software Evolution\FSS Software Evolution\react\packages\react-reconciler\src\__tests__\ReactIncremental-test.js
Class Component,Boundary,C:\Users\Francesco\PycharmProjects\FSS Software Evolution\FSS Software Evolution\react\packages\react-reconciler\src\__tests__\ReactIncremental-test.js
Function Component,Bar,C:\Users\Francesco\PycharmProjects\FSS Software Evolution\FSS Software Evolution\react\packages\react-reconciler\src\__tests__\ReactIncremental-test.js
Function Component,Foo,C:\Users\Francesco\PycharmProjects\FSS Software Evolution\FSS Software Evolution\react\packages\react-reconciler\src\__tests__\ReactIncremental-test.js
Function Component,SecondChild,C:\Users\Francesco\PycharmProjects\FSS Software Evolution\FSS Software Evolution\react\packages\react-reconciler\src\__tests__\ReactIncremental-test.js
Class Component,ErrorBoundary,C:\Users\Francesco\PycharmProjects\FSS Software Evolution\FSS Software Evolution\react\packages\react-reconciler\src\__tests__\ReactIncrementalErrorHandling-test.internal.js
Class Component,ErrorBoundary,C:\Users\Francesco\PycharmProjects\FSS Software Evolution\FSS Software Evolution\react\packages\react-reconciler\src\__tests__\ReactIncrementalErrorHandling-test.internal.js
Class Component,BadMount,C:\Users\Francesco\PycharmProjects\FSS Software Evolution\FSS Software Evolution\react\packages\react-reconciler\src\__tests__\ReactIncrementalErrorHandling-test.internal.js
Class Component,ErrorBoundary,C:\Users\Francesco\PycharmProjects\FSS Software Evolution\FSS Software Evolution\react\packages\react-reconciler\src\__tests__\ReactIncrementalErrorHandling-test.internal.js
Class Component,ErrorBoundary,C:\Users\Francesco\PycharmProjects\FSS Software Evolution\FSS Software Evolution\react\packages\react-reconciler\src\__tests__\ReactIncrementalErrorHandling-test.internal.js
Class Component,ErrorBoundary,C:\Users\Francesco\PycharmProjects\FSS Software Evolution\FSS Software Evolution\react\packages\react-reconciler\src\__tests__\ReactIncrementalErrorHandling-test.internal.js
Class Component,ErrorBoundary,C:\Users\Francesco\PycharmProjects\FSS Software Evolution\FSS Software Evolution\react\packages\react-reconciler\src\__tests__\ReactIncrementalErrorHandling-test.internal.js
Class Component,ErrorBoundary,C:\Users\Francesco\PycharmProjects\FSS Software Evolution\FSS Software Evolution\react\packages\react-reconciler\src\__tests__\ReactIncrementalErrorHandling-test.internal.js
Class Component,RethrowErrorBoundary,C:\Users\Francesco\PycharmProjects\FSS Software Evolution\FSS Software Evolution\react\packages\react-reconciler\src\__tests__\ReactIncrementalErrorHandling-test.internal.js
Class Component,RethrowErrorBoundary,C:\Users\Francesco\PycharmProjects\FSS Software Evolution\FSS Software Evolution\react\packages\react-reconciler\src\__tests__\ReactIncrementalErrorHandling-test.internal.js
Class Component,RethrowErrorBoundary,C:\Users\Francesco\PycharmProjects\FSS Software Evolution\FSS Software Evolution\react\packages\react-reconciler\src\__tests__\ReactIncrementalErrorHandling-test.internal.js
Class Component,RethrowErrorBoundary,C:\Users\Francesco\PycharmProjects\FSS Software Evolution\FSS Software Evolution\react\packages\react-reconciler\src\__tests__\ReactIncrementalErrorHandling-test.internal.js
Class Component,BrokenComponentWillUnmount,C:\Users\Francesco\PycharmProjects\FSS Software Evolution\FSS Software Evolution\react\packages\react-reconciler\src\__tests__\ReactIncrementalErrorHandling-test.internal.js
Class Component,Parent,C:\Users\Francesco\PycharmProjects\FSS Software Evolution\FSS Software Evolution\react\packages\react-reconciler\src\__tests__\ReactIncrementalErrorHandling-test.internal.js
Class Component,Boundary,C:\Users\Francesco\PycharmProjects\FSS Software Evolution\FSS Software Evolution\react\packages\react-reconciler\src\__tests__\ReactIncrementalErrorHandling-test.internal.js
Class Component,ThrowsOnUnmount,C:\Users\Francesco\PycharmProjects\FSS Software Evolution\FSS Software Evolution\react\packages\react-reconciler\src\__tests__\ReactIncrementalErrorHandling-test.internal.js
Class Component,Parent,C:\Users\Francesco\PycharmProjects\FSS Software Evolution\FSS Software Evolution\react\packages\react-reconciler\src\__tests__\ReactIncrementalErrorHandling-test.internal.js
Class Component,Boundary,C:\Users\Francesco\PycharmProjects\FSS Software Evolution\FSS Software Evolution\react\packages\react-reconciler\src\__tests__\ReactIncrementalErrorHandling-test.internal.js
Class Component,Child,C:\Users\Francesco\PycharmProjects\FSS Software Evolution\FSS Software Evolution\react\packages\react-reconciler\src\__tests__\ReactIncrementalErrorHandling-test.internal.js
Class Component,ErrorBoundary,C:\Users\Francesco\PycharmProjects\FSS Software Evolution\FSS Software Evolution\react\packages\react-reconciler\src\__tests__\ReactIncrementalErrorHandling-test.internal.js
Class Component,Provider,C:\Users\Francesco\PycharmProjects\FSS Software Evolution\FSS Software Evolution\react\packages\react-reconciler\src\__tests__\ReactIncrementalErrorHandling-test.internal.js
Class Component,Boundary,C:\Users\Francesco\PycharmProjects\FSS Software Evolution\FSS Software Evolution\react\packages\react-reconciler\src\__tests__\ReactIncrementalErrorHandling-test.internal.js
Class Component,ErrorBoundary,C:\Users\Francesco\PycharmProjects\FSS Software Evolution\FSS Software Evolution\react\packages\react-reconciler\src\__tests__\ReactIncrementalErrorHandling-test.internal.js
Class Component,ErrorBoundary,C:\Users\Francesco\PycharmProjects\FSS Software Evolution\FSS Software Evolution\react\packages\react-reconciler\src\__tests__\ReactIncrementalErrorHandling-test.internal.js
Class Component,BrokenRenderAndUnmount,C:\Users\Francesco\PycharmProjects\FSS Software Evolution\FSS Software Evolution\react\packages\react-reconciler\src\__tests__\ReactIncrementalErrorHandling-test.internal.js
Class Component,Parent,C:\Users\Francesco\PycharmProjects\FSS Software Evolution\FSS Software Evolution\react\packages\react-reconciler\src\__tests__\ReactIncrementalErrorHandling-test.internal.js
Class Component,Bar,C:\Users\Francesco\PycharmProjects\FSS Software Evolution\FSS Software Evolution\react\packages\react-reconciler\src\__tests__\ReactIncrementalErrorHandling-test.internal.js
Class Component,ErrorBoundary,C:\Users\Francesco\PycharmProjects\FSS Software Evolution\FSS Software Evolution\react\packages\react-reconciler\src\__tests__\ReactIncrementalErrorHandling-test.internal.js
Class Component,ErrorBoundary,C:\Users\Francesco\PycharmProjects\FSS Software Evolution\FSS Software Evolution\react\packages\react-reconciler\src\__tests__\ReactIncrementalErrorHandling-test.internal.js
Class Component,Parent,C:\Users\Francesco\PycharmProjects\FSS Software Evolution\FSS Software Evolution\react\packages\react-reconciler\src\__tests__\ReactIncrementalErrorHandling-test.internal.js
Class Component,ErrorBoundary,C:\Users\Francesco\PycharmProjects\FSS Software Evolution\FSS Software Evolution\react\packages\react-reconciler\src\__tests__\ReactIncrementalErrorHandling-test.internal.js
Class Component,ErrorBoundary,C:\Users\Francesco\PycharmProjects\FSS Software Evolution\FSS Software Evolution\react\packages\react-reconciler\src\__tests__\ReactIncrementalErrorHandling-test.internal.js
Class Component,ErrorBoundary,C:\Users\Francesco\PycharmProjects\FSS Software Evolution\FSS Software Evolution\react\packages\react-reconciler\src\__tests__\ReactIncrementalErrorHandling-test.internal.js
Function Component,Connector,C:\Users\Francesco\PycharmProjects\FSS Software Evolution\FSS Software Evolution\react\packages\react-reconciler\src\__tests__\ReactIncrementalErrorHandling-test.internal.js
Function Component,BrokenRender,C:\Users\Francesco\PycharmProjects\FSS Software Evolution\FSS Software Evolution\react\packages\react-reconciler\src\__tests__\ReactIncrementalErrorHandling-test.internal.js
Function Component,Foo,C:\Users\Francesco\PycharmProjects\FSS Software Evolution\FSS Software Evolution\react\packages\react-reconciler\src\__tests__\ReactIncrementalErrorHandling-test.internal.js
Class Component,ErrorThrowingComponent,C:\Users\Francesco\PycharmProjects\FSS Software Evolution\FSS Software Evolution\react\packages\react-reconciler\src\__tests__\ReactIncrementalErrorLogging-test.js
Class Component,ErrorThrowingComponent,C:\Users\Francesco\PycharmProjects\FSS Software Evolution\FSS Software Evolution\react\packages\react-reconciler\src\__tests__\ReactIncrementalErrorLogging-test.js
Class Component,ErrorBoundary,C:\Users\Francesco\PycharmProjects\FSS Software Evolution\FSS Software Evolution\react\packages\react-reconciler\src\__tests__\ReactIncrementalErrorLogging-test.js
Class Component,ErrorThrowingComponent,C:\Users\Francesco\PycharmProjects\FSS Software Evolution\FSS Software Evolution\react\packages\react-reconciler\src\__tests__\ReactIncrementalErrorLogging-test.js
Class Component,ErrorBoundary,C:\Users\Francesco\PycharmProjects\FSS Software Evolution\FSS Software Evolution\react\packages\react-reconciler\src\__tests__\ReactIncrementalErrorLogging-test.js
Class Component,Foo,C:\Users\Francesco\PycharmProjects\FSS Software Evolution\FSS Software Evolution\react\packages\react-reconciler\src\__tests__\ReactIncrementalErrorLogging-test.js
Class Component,App,C:\Users\Francesco\PycharmProjects\FSS Software Evolution\FSS Software Evolution\react\packages\react-reconciler\src\__tests__\ReactIncrementalErrorReplay-test.js
Class Component,Component,C:\Users\Francesco\PycharmProjects\FSS Software Evolution\FSS Software Evolution\react\packages\react-reconciler\src\__tests__\ReactIncrementalReflection-test.js
Class Component,Component,C:\Users\Francesco\PycharmProjects\FSS Software Evolution\FSS Software Evolution\react\packages\react-reconciler\src\__tests__\ReactIncrementalReflection-test.js
Class Component,Component,C:\Users\Francesco\PycharmProjects\FSS Software Evolution\FSS Software Evolution\react\packages\react-reconciler\src\__tests__\ReactIncrementalReflection-test.js
Function Component,Foo,C:\Users\Francesco\PycharmProjects\FSS Software Evolution\FSS Software Evolution\react\packages\react-reconciler\src\__tests__\ReactIncrementalReflection-test.js
Class Component,Foo,C:\Users\Francesco\PycharmProjects\FSS Software Evolution\FSS Software Evolution\react\packages\react-reconciler\src\__tests__\ReactIncrementalScheduling-test.js
Class Component,Foo,C:\Users\Francesco\PycharmProjects\FSS Software Evolution\FSS Software Evolution\react\packages\react-reconciler\src\__tests__\ReactIncrementalScheduling-test.js
Class Component,Foo,C:\Users\Francesco\PycharmProjects\FSS Software Evolution\FSS Software Evolution\react\packages\react-reconciler\src\__tests__\ReactIncrementalScheduling-test.js
Class Component,ClassComponent,C:\Users\Francesco\PycharmProjects\FSS Software Evolution\FSS Software Evolution\react\packages\react-reconciler\src\__tests__\ReactIncrementalSideEffects-test.js
Class Component,ClassComponent,C:\Users\Francesco\PycharmProjects\FSS Software Evolution\FSS Software Evolution\react\packages\react-reconciler\src\__tests__\ReactIncrementalSideEffects-test.js
Class Component,Bar,C:\Users\Francesco\PycharmProjects\FSS Software Evolution\FSS Software Evolution\react\packages\react-reconciler\src\__tests__\ReactIncrementalSideEffects-test.js
Class Component,Content,C:\Users\Francesco\PycharmProjects\FSS Software Evolution\FSS Software Evolution\react\packages\react-reconciler\src\__tests__\ReactIncrementalSideEffects-test.js
Class Component,Bar,C:\Users\Francesco\PycharmProjects\FSS Software Evolution\FSS Software Evolution\react\packages\react-reconciler\src\__tests__\ReactIncrementalSideEffects-test.js
Class Component,Bar,C:\Users\Francesco\PycharmProjects\FSS Software Evolution\FSS Software Evolution\react\packages\react-reconciler\src\__tests__\ReactIncrementalSideEffects-test.js
Class Component,Baz,C:\Users\Francesco\PycharmProjects\FSS Software Evolution\FSS Software Evolution\react\packages\react-reconciler\src\__tests__\ReactIncrementalSideEffects-test.js
Class Component,Bar,C:\Users\Francesco\PycharmProjects\FSS Software Evolution\FSS Software Evolution\react\packages\react-reconciler\src\__tests__\ReactIncrementalSideEffects-test.js
Class Component,Foo,C:\Users\Francesco\PycharmProjects\FSS Software Evolution\FSS Software Evolution\react\packages\react-reconciler\src\__tests__\ReactIncrementalSideEffects-test.js
Class Component,Foo,C:\Users\Francesco\PycharmProjects\FSS Software Evolution\FSS Software Evolution\react\packages\react-reconciler\src\__tests__\ReactIncrementalSideEffects-test.js
Class Component,Bar,C:\Users\Francesco\PycharmProjects\FSS Software Evolution\FSS Software Evolution\react\packages\react-reconciler\src\__tests__\ReactIncrementalSideEffects-test.js
Class Component,Wrapper,C:\Users\Francesco\PycharmProjects\FSS Software Evolution\FSS Software Evolution\react\packages\react-reconciler\src\__tests__\ReactIncrementalSideEffects-test.js
Class Component,Bar,C:\Users\Francesco\PycharmProjects\FSS Software Evolution\FSS Software Evolution\react\packages\react-reconciler\src\__tests__\ReactIncrementalSideEffects-test.js
Class Component,Wrapper,C:\Users\Francesco\PycharmProjects\FSS Software Evolution\FSS Software Evolution\react\packages\react-reconciler\src\__tests__\ReactIncrementalSideEffects-test.js
Class Component,ClassComponent,C:\Users\Francesco\PycharmProjects\FSS Software Evolution\FSS Software Evolution\react\packages\react-reconciler\src\__tests__\ReactIncrementalSideEffects-test.js
Function Component,Bar,C:\Users\Francesco\PycharmProjects\FSS Software Evolution\FSS Software Evolution\react\packages\react-reconciler\src\__tests__\ReactIncrementalSideEffects-test.js
Function Component,Bar,C:\Users\Francesco\PycharmProjects\FSS Software Evolution\FSS Software Evolution\react\packages\react-reconciler\src\__tests__\ReactIncrementalSideEffects-test.js
Function Component,Bar,C:\Users\Francesco\PycharmProjects\FSS Software Evolution\FSS Software Evolution\react\packages\react-reconciler\src\__tests__\ReactIncrementalSideEffects-test.js
Function Component,FunctionComponent,C:\Users\Francesco\PycharmProjects\FSS Software Evolution\FSS Software Evolution\react\packages\react-reconciler\src\__tests__\ReactIncrementalSideEffects-test.js
Function Component,FunctionComponent,C:\Users\Francesco\PycharmProjects\FSS Software Evolution\FSS Software Evolution\react\packages\react-reconciler\src\__tests__\ReactIncrementalSideEffects-test.js
Function Component,Bar,C:\Users\Francesco\PycharmProjects\FSS Software Evolution\FSS Software Evolution\react\packages\react-reconciler\src\__tests__\ReactIncrementalSideEffects-test.js
Function Component,Bar,C:\Users\Francesco\PycharmProjects\FSS Software Evolution\FSS Software Evolution\react\packages\react-reconciler\src\__tests__\ReactIncrementalSideEffects-test.js
Function Component,FunctionComponent,C:\Users\Francesco\PycharmProjects\FSS Software Evolution\FSS Software Evolution\react\packages\react-reconciler\src\__tests__\ReactIncrementalSideEffects-test.js
Class Component,Foo,C:\Users\Francesco\PycharmProjects\FSS Software Evolution\FSS Software Evolution\react\packages\react-reconciler\src\__tests__\ReactIncrementalUpdates-test.js
Class Component,Foo,C:\Users\Francesco\PycharmProjects\FSS Software Evolution\FSS Software Evolution\react\packages\react-reconciler\src\__tests__\ReactIncrementalUpdates-test.js
Class Component,Foo,C:\Users\Francesco\PycharmProjects\FSS Software Evolution\FSS Software Evolution\react\packages\react-reconciler\src\__tests__\ReactIncrementalUpdates-test.js
Class Component,Foo,C:\Users\Francesco\PycharmProjects\FSS Software Evolution\FSS Software Evolution\react\packages\react-reconciler\src\__tests__\ReactIncrementalUpdates-test.js
Class Component,Foo,C:\Users\Francesco\PycharmProjects\FSS Software Evolution\FSS Software Evolution\react\packages\react-reconciler\src\__tests__\ReactIncrementalUpdates-test.js
Class Component,Foo,C:\Users\Francesco\PycharmProjects\FSS Software Evolution\FSS Software Evolution\react\packages\react-reconciler\src\__tests__\ReactIncrementalUpdates-test.js
Class Component,Foo,C:\Users\Francesco\PycharmProjects\FSS Software Evolution\FSS Software Evolution\react\packages\react-reconciler\src\__tests__\ReactIncrementalUpdates-test.js
Class Component,Foo,C:\Users\Francesco\PycharmProjects\FSS Software Evolution\FSS Software Evolution\react\packages\react-reconciler\src\__tests__\ReactIncrementalUpdates-test.js
Class Component,Foo,C:\Users\Francesco\PycharmProjects\FSS Software Evolution\FSS Software Evolution\react\packages\react-reconciler\src\__tests__\ReactIncrementalUpdates-test.js
Class Component,Foo,C:\Users\Francesco\PycharmProjects\FSS Software Evolution\FSS Software Evolution\react\packages\react-reconciler\src\__tests__\ReactIncrementalUpdates-test.js
Class Component,Bar,C:\Users\Francesco\PycharmProjects\FSS Software Evolution\FSS Software Evolution\react\packages\react-reconciler\src\__tests__\ReactIncrementalUpdates-test.js
Class Component,App,C:\Users\Francesco\PycharmProjects\FSS Software Evolution\FSS Software Evolution\react\packages\react-reconciler\src\__tests__\ReactIncrementalUpdates-test.js
Class Component,App,C:\Users\Francesco\PycharmProjects\FSS Software Evolution\FSS Software Evolution\react\packages\react-reconciler\src\__tests__\ReactIncrementalUpdates-test.js
Class Component,Child,C:\Users\Francesco\PycharmProjects\FSS Software Evolution\FSS Software Evolution\react\packages\react-reconciler\src\__tests__\ReactIncrementalUpdatesMinimalism-test.js
Function Component,Child,C:\Users\Francesco\PycharmProjects\FSS Software Evolution\FSS Software Evolution\react\packages\react-reconciler\src\__tests__\ReactIncrementalUpdatesMinimalism-test.js
Function Component,Parent,C:\Users\Francesco\PycharmProjects\FSS Software Evolution\FSS Software Evolution\react\packages\react-reconciler\src\__tests__\ReactIncrementalUpdatesMinimalism-test.js
Function Component,Parent,C:\Users\Francesco\PycharmProjects\FSS Software Evolution\FSS Software Evolution\react\packages\react-reconciler\src\__tests__\ReactIncrementalUpdatesMinimalism-test.js
Class Component,ErrorBoundary,C:\Users\Francesco\PycharmProjects\FSS Software Evolution\FSS Software Evolution\react\packages\react-reconciler\src\__tests__\ReactLazy-test.internal.js
Class Component,Child,C:\Users\Francesco\PycharmProjects\FSS Software Evolution\FSS Software Evolution\react\packages\react-reconciler\src\__tests__\ReactLazy-test.internal.js
Class Component,T,C:\Users\Francesco\PycharmProjects\FSS Software Evolution\FSS Software Evolution\react\packages\react-reconciler\src\__tests__\ReactLazy-test.internal.js
Class Component,LazyImpl,C:\Users\Francesco\PycharmProjects\FSS Software Evolution\FSS Software Evolution\react\packages\react-reconciler\src\__tests__\ReactLazy-test.internal.js
Class Component,Stateful,C:\Users\Francesco\PycharmProjects\FSS Software Evolution\FSS Software Evolution\react\packages\react-reconciler\src\__tests__\ReactLazy-test.internal.js
Class Component,LazyImpl,C:\Users\Francesco\PycharmProjects\FSS Software Evolution\FSS Software Evolution\react\packages\react-reconciler\src\__tests__\ReactLazy-test.internal.js
Class Component,LazyImpl,C:\Users\Francesco\PycharmProjects\FSS Software Evolution\FSS Software Evolution\react\packages\react-reconciler\src\__tests__\ReactLazy-test.internal.js
Class Component,C,C:\Users\Francesco\PycharmProjects\FSS Software Evolution\FSS Software Evolution\react\packages\react-reconciler\src\__tests__\ReactLazy-test.internal.js
Class Component,C,C:\Users\Francesco\PycharmProjects\FSS Software Evolution\FSS Software Evolution\react\packages\react-reconciler\src\__tests__\ReactLazy-test.internal.js
Class Component,Add,C:\Users\Francesco\PycharmProjects\FSS Software Evolution\FSS Software Evolution\react\packages\react-reconciler\src\__tests__\ReactLazy-test.internal.js
Class Component,Add,C:\Users\Francesco\PycharmProjects\FSS Software Evolution\FSS Software Evolution\react\packages\react-reconciler\src\__tests__\ReactLazy-test.internal.js
Class Component,Foo,C:\Users\Francesco\PycharmProjects\FSS Software Evolution\FSS Software Evolution\react\packages\react-reconciler\src\__tests__\ReactLazy-test.internal.js
Class Component,Bar,C:\Users\Francesco\PycharmProjects\FSS Software Evolution\FSS Software Evolution\react\packages\react-reconciler\src\__tests__\ReactLazy-test.internal.js
Class Component,ErrorBoundary,C:\Users\Francesco\PycharmProjects\FSS Software Evolution\FSS Software Evolution\react\packages\react-reconciler\src\__tests__\ReactLazy-test.internal.js
Class Component,ErrorBoundary,C:\Users\Francesco\PycharmProjects\FSS Software Evolution\FSS Software Evolution\react\packages\react-reconciler\src\__tests__\ReactLazy-test.internal.js
Class Component,Child,C:\Users\Francesco\PycharmProjects\FSS Software Evolution\FSS Software Evolution\react\packages\react-reconciler\src\__tests__\ReactLazy-test.internal.js
Class Component,Child,C:\Users\Francesco\PycharmProjects\FSS Software Evolution\FSS Software Evolution\react\packages\react-reconciler\src\__tests__\ReactLazy-test.internal.js
Class Component,Child,C:\Users\Francesco\PycharmProjects\FSS Software Evolution\FSS Software Evolution\react\packages\react-reconciler\src\__tests__\ReactLazy-test.internal.js
Class Component,Child,C:\Users\Francesco\PycharmProjects\FSS Software Evolution\FSS Software Evolution\react\packages\react-reconciler\src\__tests__\ReactLazy-test.internal.js
Function Component,Foo,C:\Users\Francesco\PycharmProjects\FSS Software Evolution\FSS Software Evolution\react\packages\react-reconciler\src\__tests__\ReactLazy-test.internal.js
Function Component,Bar,C:\Users\Francesco\PycharmProjects\FSS Software Evolution\FSS Software Evolution\react\packages\react-reconciler\src\__tests__\ReactLazy-test.internal.js
Function Component,ChildA,C:\Users\Francesco\PycharmProjects\FSS Software Evolution\FSS Software Evolution\react\packages\react-reconciler\src\__tests__\ReactLazy-test.internal.js
Function Component,ChildB,C:\Users\Francesco\PycharmProjects\FSS Software Evolution\FSS Software Evolution\react\packages\react-reconciler\src\__tests__\ReactLazy-test.internal.js
Function Component,ChildA,C:\Users\Francesco\PycharmProjects\FSS Software Evolution\FSS Software Evolution\react\packages\react-reconciler\src\__tests__\ReactLazy-test.internal.js
Function Component,ChildB,C:\Users\Francesco\PycharmProjects\FSS Software Evolution\FSS Software Evolution\react\packages\react-reconciler\src\__tests__\ReactLazy-test.internal.js
Class Component,Parent,C:\Users\Francesco\PycharmProjects\FSS Software Evolution\FSS Software Evolution\react\packages\react-reconciler\src\__tests__\ReactMemo-test.js
Class Component,CounterInner,C:\Users\Francesco\PycharmProjects\FSS Software Evolution\FSS Software Evolution\react\packages\react-reconciler\src\__tests__\ReactMemo-test.js
Function Component,Indirection,C:\Users\Francesco\PycharmProjects\FSS Software Evolution\FSS Software Evolution\react\packages\react-reconciler\src\__tests__\ReactMemo-test.js
Function Component,Counter,C:\Users\Francesco\PycharmProjects\FSS Software Evolution\FSS Software Evolution\react\packages\react-reconciler\src\__tests__\ReactMemo-test.js
Function Component,Counter,C:\Users\Francesco\PycharmProjects\FSS Software Evolution\FSS Software Evolution\react\packages\react-reconciler\src\__tests__\ReactMemo-test.js
Function Component,Counter,C:\Users\Francesco\PycharmProjects\FSS Software Evolution\FSS Software Evolution\react\packages\react-reconciler\src\__tests__\ReactMemo-test.js
Class Component,Consumer,C:\Users\Francesco\PycharmProjects\FSS Software Evolution\FSS Software Evolution\react\packages\react-reconciler\src\__tests__\ReactNewContext-test.js
Class Component,Consumer,C:\Users\Francesco\PycharmProjects\FSS Software Evolution\FSS Software Evolution\react\packages\react-reconciler\src\__tests__\ReactNewContext-test.js
Class Component,Indirection,C:\Users\Francesco\PycharmProjects\FSS Software Evolution\FSS Software Evolution\react\packages\react-reconciler\src\__tests__\ReactNewContext-test.js
Class Component,Indirection,C:\Users\Francesco\PycharmProjects\FSS Software Evolution\FSS Software Evolution\react\packages\react-reconciler\src\__tests__\ReactNewContext-test.js
Class Component,Indirection,C:\Users\Francesco\PycharmProjects\FSS Software Evolution\FSS Software Evolution\react\packages\react-reconciler\src\__tests__\ReactNewContext-test.js
Class Component,Indirection,C:\Users\Francesco\PycharmProjects\FSS Software Evolution\FSS Software Evolution\react\packages\react-reconciler\src\__tests__\ReactNewContext-test.js
Class Component,Indirection,C:\Users\Francesco\PycharmProjects\FSS Software Evolution\FSS Software Evolution\react\packages\react-reconciler\src\__tests__\ReactNewContext-test.js
Class Component,ErrorBoundary,C:\Users\Francesco\PycharmProjects\FSS Software Evolution\FSS Software Evolution\react\packages\react-reconciler\src\__tests__\ReactNewContext-test.js
Class Component,Child,C:\Users\Francesco\PycharmProjects\FSS Software Evolution\FSS Software Evolution\react\packages\react-reconciler\src\__tests__\ReactNewContext-test.js
Class Component,PureIndirection,C:\Users\Francesco\PycharmProjects\FSS Software Evolution\FSS Software Evolution\react\packages\react-reconciler\src\__tests__\ReactNewContext-test.js
Class Component,App,C:\Users\Francesco\PycharmProjects\FSS Software Evolution\FSS Software Evolution\react\packages\react-reconciler\src\__tests__\ReactNewContext-test.js
Class Component,App,C:\Users\Francesco\PycharmProjects\FSS Software Evolution\FSS Software Evolution\react\packages\react-reconciler\src\__tests__\ReactNewContext-test.js
Class Component,App,C:\Users\Francesco\PycharmProjects\FSS Software Evolution\FSS Software Evolution\react\packages\react-reconciler\src\__tests__\ReactNewContext-test.js
Class Component,StaticContent,C:\Users\Francesco\PycharmProjects\FSS Software Evolution\FSS Software Evolution\react\packages\react-reconciler\src\__tests__\ReactNewContext-test.js
Class Component,Indirection,C:\Users\Francesco\PycharmProjects\FSS Software Evolution\FSS Software Evolution\react\packages\react-reconciler\src\__tests__\ReactNewContext-test.js
Class Component,LegacyProvider,C:\Users\Francesco\PycharmProjects\FSS Software Evolution\FSS Software Evolution\react\packages\react-reconciler\src\__tests__\ReactNewContext-test.js
Class Component,App,C:\Users\Francesco\PycharmProjects\FSS Software Evolution\FSS Software Evolution\react\packages\react-reconciler\src\__tests__\ReactNewContext-test.js
Class Component,Indirection,C:\Users\Francesco\PycharmProjects\FSS Software Evolution\FSS Software Evolution\react\packages\react-reconciler\src\__tests__\ReactNewContext-test.js
Class Component,App,C:\Users\Francesco\PycharmProjects\FSS Software Evolution\FSS Software Evolution\react\packages\react-reconciler\src\__tests__\ReactNewContext-test.js
Class Component,Indirection,C:\Users\Francesco\PycharmProjects\FSS Software Evolution\FSS Software Evolution\react\packages\react-reconciler\src\__tests__\ReactNewContext-test.js
Class Component,Consumer,C:\Users\Francesco\PycharmProjects\FSS Software Evolution\FSS Software Evolution\react\packages\react-reconciler\src\__tests__\ReactNewContext-test.js
Class Component,App,C:\Users\Francesco\PycharmProjects\FSS Software Evolution\FSS Software Evolution\react\packages\react-reconciler\src\__tests__\ReactNewContext-test.js
Class Component,Cls,C:\Users\Francesco\PycharmProjects\FSS Software Evolution\FSS Software Evolution\react\packages\react-reconciler\src\__tests__\ReactNewContext-test.js
Class Component,Foo,C:\Users\Francesco\PycharmProjects\FSS Software Evolution\FSS Software Evolution\react\packages\react-reconciler\src\__tests__\ReactNewContext-test.js
Class Component,App,C:\Users\Francesco\PycharmProjects\FSS Software Evolution\FSS Software Evolution\react\packages\react-reconciler\src\__tests__\ReactNewContext-test.js
Class Component,ConsumerTree,C:\Users\Francesco\PycharmProjects\FSS Software Evolution\FSS Software Evolution\react\packages\react-reconciler\src\__tests__\ReactNewContext-test.js
Function Component,Foo,C:\Users\Francesco\PycharmProjects\FSS Software Evolution\FSS Software Evolution\react\packages\react-reconciler\src\__tests__\ReactOwnerStacks-test.js
Class Component,Bar,C:\Users\Francesco\PycharmProjects\FSS Software Evolution\FSS Software Evolution\react\packages\react-reconciler\src\__tests__\ReactPersistent-test.js
Class Component,BailoutTest,C:\Users\Francesco\PycharmProjects\FSS Software Evolution\FSS Software Evolution\react\packages\react-reconciler\src\__tests__\ReactPersistent-test.js
Function Component,Bar,C:\Users\Francesco\PycharmProjects\FSS Software Evolution\FSS Software Evolution\react\packages\react-reconciler\src\__tests__\ReactPersistent-test.js
Function Component,Baz,C:\Users\Francesco\PycharmProjects\FSS Software Evolution\FSS Software Evolution\react\packages\react-reconciler\src\__tests__\ReactPersistent-test.js
Function Component,Parent,C:\Users\Francesco\PycharmProjects\FSS Software Evolution\FSS Software Evolution\react\packages\react-reconciler\src\__tests__\ReactPersistent-test.js
Function Component,BailoutSpan,C:\Users\Francesco\PycharmProjects\FSS Software Evolution\FSS Software Evolution\react\packages\react-reconciler\src\__tests__\ReactPersistent-test.js
Class Component,Child,C:\Users\Francesco\PycharmProjects\FSS Software Evolution\FSS Software Evolution\react\packages\react-reconciler\src\__tests__\ReactPersistentUpdatesMinimalism-test.js
Function Component,Child,C:\Users\Francesco\PycharmProjects\FSS Software Evolution\FSS Software Evolution\react\packages\react-reconciler\src\__tests__\ReactPersistentUpdatesMinimalism-test.js
Function Component,Parent,C:\Users\Francesco\PycharmProjects\FSS Software Evolution\FSS Software Evolution\react\packages\react-reconciler\src\__tests__\ReactPersistentUpdatesMinimalism-test.js
Function Component,Parent,C:\Users\Francesco\PycharmProjects\FSS Software Evolution\FSS Software Evolution\react\packages\react-reconciler\src\__tests__\ReactPersistentUpdatesMinimalism-test.js
Class Component,ErrorBoundary,C:\Users\Francesco\PycharmProjects\FSS Software Evolution\FSS Software Evolution\react\packages\react-reconciler\src\__tests__\ReactSiblingPrerendering-test.js
Class Component,Class,C:\Users\Francesco\PycharmProjects\FSS Software Evolution\FSS Software Evolution\react\packages\react-reconciler\src\__tests__\ReactSuspense-test.internal.js
Class Component,TextWithLifecycle,C:\Users\Francesco\PycharmProjects\FSS Software Evolution\FSS Software Evolution\react\packages\react-reconciler\src\__tests__\ReactSuspense-test.internal.js
Class Component,AsyncTextWithLifecycle,C:\Users\Francesco\PycharmProjects\FSS Software Evolution\FSS Software Evolution\react\packages\react-reconciler\src\__tests__\ReactSuspense-test.internal.js
Class Component,Stateful,C:\Users\Francesco\PycharmProjects\FSS Software Evolution\FSS Software Evolution\react\packages\react-reconciler\src\__tests__\ReactSuspense-test.internal.js
Class Component,Stateful,C:\Users\Francesco\PycharmProjects\FSS Software Evolution\FSS Software Evolution\react\packages\react-reconciler\src\__tests__\ReactSuspense-test.internal.js
Class Component,AsyncTextWithUnmount,C:\Users\Francesco\PycharmProjects\FSS Software Evolution\FSS Software Evolution\react\packages\react-reconciler\src\__tests__\ReactSuspense-test.internal.js
Class Component,Stateful,C:\Users\Francesco\PycharmProjects\FSS Software Evolution\FSS Software Evolution\react\packages\react-reconciler\src\__tests__\ReactSuspense-test.internal.js
Class Component,ShouldMountOnce,C:\Users\Francesco\PycharmProjects\FSS Software Evolution\FSS Software Evolution\react\packages\react-reconciler\src\__tests__\ReactSuspense-test.internal.js
Class Component,App,C:\Users\Francesco\PycharmProjects\FSS Software Evolution\FSS Software Evolution\react\packages\react-reconciler\src\__tests__\ReactSuspense-test.internal.js
Function Component,Hello,C:\Users\Francesco\PycharmProjects\FSS Software Evolution\FSS Software Evolution\react\packages\react-reconciler\src\__tests__\ReactSuspense-test.internal.js
Class Component,ClassText,C:\Users\Francesco\PycharmProjects\FSS Software Evolution\FSS Software Evolution\react\packages\react-reconciler\src\__tests__\ReactSuspenseEffectsSemantics-test.js
Class Component,ClassText,C:\Users\Francesco\PycharmProjects\FSS Software Evolution\FSS Software Evolution\react\packages\react-reconciler\src\__tests__\ReactSuspenseEffectsSemantics-test.js
Class Component,ClassText,C:\Users\Francesco\PycharmProjects\FSS Software Evolution\FSS Software Evolution\react\packages\react-reconciler\src\__tests__\ReactSuspenseEffectsSemantics-test.js
Class Component,ThrowsInDidMount,C:\Users\Francesco\PycharmProjects\FSS Software Evolution\FSS Software Evolution\react\packages\react-reconciler\src\__tests__\ReactSuspenseEffectsSemantics-test.js
Class Component,ThrowsInWillUnmount,C:\Users\Francesco\PycharmProjects\FSS Software Evolution\FSS Software Evolution\react\packages\react-reconciler\src\__tests__\ReactSuspenseEffectsSemantics-test.js
Class Component,ClassText,C:\Users\Francesco\PycharmProjects\FSS Software Evolution\FSS Software Evolution\react\packages\react-reconciler\src\__tests__\ReactSuspenseEffectsSemantics-test.js
Class Component,ClassText,C:\Users\Francesco\PycharmProjects\FSS Software Evolution\FSS Software Evolution\react\packages\react-reconciler\src\__tests__\ReactSuspenseEffectsSemantics-test.js
Class Component,ClassComponent,C:\Users\Francesco\PycharmProjects\FSS Software Evolution\FSS Software Evolution\react\packages\react-reconciler\src\__tests__\ReactSuspenseEffectsSemantics-test.js
Class Component,ClassComponent,C:\Users\Francesco\PycharmProjects\FSS Software Evolution\FSS Software Evolution\react\packages\react-reconciler\src\__tests__\ReactSuspenseEffectsSemantics-test.js
Class Component,ChildA,C:\Users\Francesco\PycharmProjects\FSS Software Evolution\FSS Software Evolution\react\packages\react-reconciler\src\__tests__\ReactSuspenseEffectsSemanticsDOM-test.js
Class Component,ChildB,C:\Users\Francesco\PycharmProjects\FSS Software Evolution\FSS Software Evolution\react\packages\react-reconciler\src\__tests__\ReactSuspenseEffectsSemanticsDOM-test.js
Class Component,ChildA,C:\Users\Francesco\PycharmProjects\FSS Software Evolution\FSS Software Evolution\react\packages\react-reconciler\src\__tests__\ReactSuspenseEffectsSemanticsDOM-test.js
Class Component,ChildB,C:\Users\Francesco\PycharmProjects\FSS Software Evolution\FSS Software Evolution\react\packages\react-reconciler\src\__tests__\ReactSuspenseEffectsSemanticsDOM-test.js
Function Component,Sibling,C:\Users\Francesco\PycharmProjects\FSS Software Evolution\FSS Software Evolution\react\packages\react-reconciler\src\__tests__\ReactSuspenseEffectsSemanticsDOM-test.js
Class Component,ClassComponent,C:\Users\Francesco\PycharmProjects\FSS Software Evolution\FSS Software Evolution\react\packages\react-reconciler\src\__tests__\ReactSuspenseList-test.js
Function Component,Foo,C:\Users\Francesco\PycharmProjects\FSS Software Evolution\FSS Software Evolution\react\packages\react-reconciler\src\__tests__\ReactSuspenseList-test.js
Function Component,SyncD,C:\Users\Francesco\PycharmProjects\FSS Software Evolution\FSS Software Evolution\react\packages\react-reconciler\src\__tests__\ReactSuspenseList-test.js
Class Component,HiddenText,C:\Users\Francesco\PycharmProjects\FSS Software Evolution\FSS Software Evolution\react\packages\react-reconciler\src\__tests__\ReactSuspensePlaceholder-test.internal.js
Class Component,ErrorBoundary,C:\Users\Francesco\PycharmProjects\FSS Software Evolution\FSS Software Evolution\react\packages\react-reconciler\src\__tests__\ReactSuspenseWithNoopRenderer-test.js
Class Component,ErrorBoundary,C:\Users\Francesco\PycharmProjects\FSS Software Evolution\FSS Software Evolution\react\packages\react-reconciler\src\__tests__\ReactSuspenseWithNoopRenderer-test.js
Class Component,UpdatingText,C:\Users\Francesco\PycharmProjects\FSS Software Evolution\FSS Software Evolution\react\packages\react-reconciler\src\__tests__\ReactSuspenseWithNoopRenderer-test.js
Class Component,TextWithLifecycle,C:\Users\Francesco\PycharmProjects\FSS Software Evolution\FSS Software Evolution\react\packages\react-reconciler\src\__tests__\ReactSuspenseWithNoopRenderer-test.js
Class Component,AsyncTextWithLifecycle,C:\Users\Francesco\PycharmProjects\FSS Software Evolution\FSS Software Evolution\react\packages\react-reconciler\src\__tests__\ReactSuspenseWithNoopRenderer-test.js
Class Component,AsyncTextInConstructor,C:\Users\Francesco\PycharmProjects\FSS Software Evolution\FSS Software Evolution\react\packages\react-reconciler\src\__tests__\ReactSuspenseWithNoopRenderer-test.js
Class Component,Fallback,C:\Users\Francesco\PycharmProjects\FSS Software Evolution\FSS Software Evolution\react\packages\react-reconciler\src\__tests__\ReactSuspenseWithNoopRenderer-test.js
Class Component,Demo,C:\Users\Francesco\PycharmProjects\FSS Software Evolution\FSS Software Evolution\react\packages\react-reconciler\src\__tests__\ReactSuspenseWithNoopRenderer-test.js
Class Component,ErrorBoundary,C:\Users\Francesco\PycharmProjects\FSS Software Evolution\FSS Software Evolution\react\packages\react-reconciler\src\__tests__\ReactSuspenseWithNoopRenderer-test.js
Class Component,TextWithLifecycle,C:\Users\Francesco\PycharmProjects\FSS Software Evolution\FSS Software Evolution\react\packages\react-reconciler\src\__tests__\ReactSuspenseWithNoopRenderer-test.js
Class Component,AsyncTextWithLifecycle,C:\Users\Francesco\PycharmProjects\FSS Software Evolution\FSS Software Evolution\react\packages\react-reconciler\src\__tests__\ReactSuspenseWithNoopRenderer-test.js
Class Component,App,C:\Users\Francesco\PycharmProjects\FSS Software Evolution\FSS Software Evolution\react\packages\react-reconciler\src\__tests__\ReactSuspenseWithNoopRenderer-test.js
Class Component,App,C:\Users\Francesco\PycharmProjects\FSS Software Evolution\FSS Software Evolution\react\packages\react-reconciler\src\__tests__\ReactSuspenseWithNoopRenderer-test.js
Class Component,App,C:\Users\Francesco\PycharmProjects\FSS Software Evolution\FSS Software Evolution\react\packages\react-reconciler\src\__tests__\ReactSuspenseWithNoopRenderer-test.js
Class Component,App,C:\Users\Francesco\PycharmProjects\FSS Software Evolution\FSS Software Evolution\react\packages\react-reconciler\src\__tests__\ReactSuspenseWithNoopRenderer-test.js
Class Component,App,C:\Users\Francesco\PycharmProjects\FSS Software Evolution\FSS Software Evolution\react\packages\react-reconciler\src\__tests__\ReactSuspenseWithNoopRenderer-test.js
Class Component,Foo,C:\Users\Francesco\PycharmProjects\FSS Software Evolution\FSS Software Evolution\react\packages\react-reconciler\src\__tests__\ReactSuspenseWithNoopRenderer-test.js
Class Component,Stateful,C:\Users\Francesco\PycharmProjects\FSS Software Evolution\FSS Software Evolution\react\packages\react-reconciler\src\__tests__\ReactTopLevelFragment-test.js
Class Component,Stateful,C:\Users\Francesco\PycharmProjects\FSS Software Evolution\FSS Software Evolution\react\packages\react-reconciler\src\__tests__\ReactTopLevelFragment-test.js
Class Component,Stateful,C:\Users\Francesco\PycharmProjects\FSS Software Evolution\FSS Software Evolution\react\packages\react-reconciler\src\__tests__\ReactTopLevelFragment-test.js
Class Component,Stateful,C:\Users\Francesco\PycharmProjects\FSS Software Evolution\FSS Software Evolution\react\packages\react-reconciler\src\__tests__\ReactTopLevelFragment-test.js
Class Component,App,C:\Users\Francesco\PycharmProjects\FSS Software Evolution\FSS Software Evolution\react\packages\react-reconciler\src\__tests__\ReactTransition-test.js
Class Component,SchedulingComponent,C:\Users\Francesco\PycharmProjects\FSS Software Evolution\FSS Software Evolution\react\packages\react-reconciler\src\__tests__\ReactUpdaters-test.internal.js
Class Component,ErrorBoundary,C:\Users\Francesco\PycharmProjects\FSS Software Evolution\FSS Software Evolution\react\packages\react-reconciler\src\__tests__\ReactUpdaters-test.internal.js
Concise Arrow Function Component,Parent,C:\Users\Francesco\PycharmProjects\FSS Software Evolution\FSS Software Evolution\react\packages\react-reconciler\src\__tests__\ReactUpdaters-test.internal.js
Concise Arrow Function Component,Parent,C:\Users\Francesco\PycharmProjects\FSS Software Evolution\FSS Software Evolution\react\packages\react-reconciler\src\__tests__\ReactUpdaters-test.internal.js
Concise Arrow Function Component,Parent,C:\Users\Francesco\PycharmProjects\FSS Software Evolution\FSS Software Evolution\react\packages\react-reconciler\src\__tests__\ReactUpdaters-test.internal.js
Class Component,ErrorBoundary,C:\Users\Francesco\PycharmProjects\FSS Software Evolution\FSS Software Evolution\react\packages\react-reconciler\src\__tests__\ReactUse-test.js
Class Component,ErrorBoundary,C:\Users\Francesco\PycharmProjects\FSS Software Evolution\FSS Software Evolution\react\packages\react-reconciler\src\__tests__\ReactUse-test.js
Class Component,App,C:\Users\Francesco\PycharmProjects\FSS Software Evolution\FSS Software Evolution\react\packages\react-reconciler\src\__tests__\ReactUse-test.js
Class Component,ContextProvider,C:\Users\Francesco\PycharmProjects\FSS Software Evolution\FSS Software Evolution\react\packages\react-reconciler\src\__tests__\ReactUse-test.js
Class Component,ErrorBoundary,C:\Users\Francesco\PycharmProjects\FSS Software Evolution\FSS Software Evolution\react\packages\react-reconciler\src\__tests__\ReactUse-test.js
Class Component,ErrorBoundary,C:\Users\Francesco\PycharmProjects\FSS Software Evolution\FSS Software Evolution\react\packages\react-reconciler\src\__tests__\ReactUse-test.js
Function Component,App,C:\Users\Francesco\PycharmProjects\FSS Software Evolution\FSS Software Evolution\react\packages\react-reconciler\src\__tests__\ReactUse-test.js
Function Component,Child,C:\Users\Francesco\PycharmProjects\FSS Software Evolution\FSS Software Evolution\react\packages\react-reconciler\src\__tests__\ReactUse-test.js
Function Component,Parent,C:\Users\Francesco\PycharmProjects\FSS Software Evolution\FSS Software Evolution\react\packages\react-reconciler\src\__tests__\ReactUse-test.js
Function Component,Sibling1,C:\Users\Francesco\PycharmProjects\FSS Software Evolution\FSS Software Evolution\react\packages\react-reconciler\src\__tests__\ReactUse-test.js
Function Component,Sibling2,C:\Users\Francesco\PycharmProjects\FSS Software Evolution\FSS Software Evolution\react\packages\react-reconciler\src\__tests__\ReactUse-test.js
Function Component,ContextText,C:\Users\Francesco\PycharmProjects\FSS Software Evolution\FSS Software Evolution\react\packages\react-reconciler\src\__tests__\ReactUse-test.js
Function Component,App,C:\Users\Francesco\PycharmProjects\FSS Software Evolution\FSS Software Evolution\react\packages\react-reconciler\src\__tests__\ReactUse-test.js
Function Component,App,C:\Users\Francesco\PycharmProjects\FSS Software Evolution\FSS Software Evolution\react\packages\react-reconciler\src\__tests__\ReactUse-test.js
Function Component,App,C:\Users\Francesco\PycharmProjects\FSS Software Evolution\FSS Software Evolution\react\packages\react-reconciler\src\__tests__\ReactUse-test.js
Function Component,App,C:\Users\Francesco\PycharmProjects\FSS Software Evolution\FSS Software Evolution\react\packages\react-reconciler\src\__tests__\ReactUse-test.js
Function Component,App,C:\Users\Francesco\PycharmProjects\FSS Software Evolution\FSS Software Evolution\react\packages\react-reconciler\src\__tests__\ReactUse-test.js
Function Component,AsyncText,C:\Users\Francesco\PycharmProjects\FSS Software Evolution\FSS Software Evolution\react\packages\react-reconciler\src\__tests__\ReactUse-test.js
Function Component,AsyncClientComponent,C:\Users\Francesco\PycharmProjects\FSS Software Evolution\FSS Software Evolution\react\packages\react-reconciler\src\__tests__\ReactUse-test.js
Function Component,App,C:\Users\Francesco\PycharmProjects\FSS Software Evolution\FSS Software Evolution\react\packages\react-reconciler\src\__tests__\ReactUse-test.js
Class Component,App,C:\Users\Francesco\PycharmProjects\FSS Software Evolution\FSS Software Evolution\react\packages\react-reconciler\src\__tests__\StrictEffectsMode-test.js
Class Component,App,C:\Users\Francesco\PycharmProjects\FSS Software Evolution\FSS Software Evolution\react\packages\react-reconciler\src\__tests__\StrictEffectsMode-test.js
Class Component,App,C:\Users\Francesco\PycharmProjects\FSS Software Evolution\FSS Software Evolution\react\packages\react-reconciler\src\__tests__\StrictEffectsMode-test.js
Class Component,App,C:\Users\Francesco\PycharmProjects\FSS Software Evolution\FSS Software Evolution\react\packages\react-reconciler\src\__tests__\StrictEffectsMode-test.js
Class Component,ClassChild,C:\Users\Francesco\PycharmProjects\FSS Software Evolution\FSS Software Evolution\react\packages\react-reconciler\src\__tests__\StrictEffectsMode-test.js
Class Component,ClassChild,C:\Users\Francesco\PycharmProjects\FSS Software Evolution\FSS Software Evolution\react\packages\react-reconciler\src\__tests__\StrictEffectsMode-test.js
Class Component,App,C:\Users\Francesco\PycharmProjects\FSS Software Evolution\FSS Software Evolution\react\packages\react-reconciler\src\__tests__\StrictEffectsModeDefaults-test.internal.js
Class Component,App,C:\Users\Francesco\PycharmProjects\FSS Software Evolution\FSS Software Evolution\react\packages\react-reconciler\src\__tests__\StrictEffectsModeDefaults-test.internal.js
Class Component,App,C:\Users\Francesco\PycharmProjects\FSS Software Evolution\FSS Software Evolution\react\packages\react-reconciler\src\__tests__\StrictEffectsModeDefaults-test.internal.js
Class Component,ClassChild,C:\Users\Francesco\PycharmProjects\FSS Software Evolution\FSS Software Evolution\react\packages\react-reconciler\src\__tests__\StrictEffectsModeDefaults-test.internal.js
Class Component,IncrementButton,C:\Users\Francesco\PycharmProjects\FSS Software Evolution\FSS Software Evolution\react\packages\react-reconciler\src\__tests__\useEffectEvent-test.js
Class Component,IncrementButton,C:\Users\Francesco\PycharmProjects\FSS Software Evolution\FSS Software Evolution\react\packages\react-reconciler\src\__tests__\useEffectEvent-test.js
Class Component,GreetButton,C:\Users\Francesco\PycharmProjects\FSS Software Evolution\FSS Software Evolution\react\packages\react-reconciler\src\__tests__\useEffectEvent-test.js
Class Component,IncrementButton,C:\Users\Francesco\PycharmProjects\FSS Software Evolution\FSS Software Evolution\react\packages\react-reconciler\src\__tests__\useEffectEvent-test.js
Class Component,IncrementButton,C:\Users\Francesco\PycharmProjects\FSS Software Evolution\FSS Software Evolution\react\packages\react-reconciler\src\__tests__\useEffectEvent-test.js
Class Component,IncrementButton,C:\Users\Francesco\PycharmProjects\FSS Software Evolution\FSS Software Evolution\react\packages\react-reconciler\src\__tests__\useEffectEvent-test.js
Class Component,IncrementButton,C:\Users\Francesco\PycharmProjects\FSS Software Evolution\FSS Software Evolution\react\packages\react-reconciler\src\__tests__\useEffectEvent-test.js
Class Component,AddToCartButton,C:\Users\Francesco\PycharmProjects\FSS Software Evolution\FSS Software Evolution\react\packages\react-reconciler\src\__tests__\useEffectEvent-test.js
Class Component,_ErrorBoundary,C:\Users\Francesco\PycharmProjects\FSS Software Evolution\FSS Software Evolution\react\packages\react-reconciler\src\__tests__\useMemoCache-test.js
Class Component,Component,C:\Users\Francesco\PycharmProjects\FSS Software Evolution\FSS Software Evolution\react\packages\react-reconciler\src\__tests__\useRef-test.internal.js
Class Component,Wrapper,C:\Users\Francesco\PycharmProjects\FSS Software Evolution\FSS Software Evolution\react\packages\react-refresh\src\__tests__\ReactFresh-test.js
Class Component,Boundary,C:\Users\Francesco\PycharmProjects\FSS Software Evolution\FSS Software Evolution\react\packages\react-refresh\src\__tests__\ReactFresh-test.js
Class Component,Boundary,C:\Users\Francesco\PycharmProjects\FSS Software Evolution\FSS Software Evolution\react\packages\react-refresh\src\__tests__\ReactFresh-test.js
Class Component,Boundary,C:\Users\Francesco\PycharmProjects\FSS Software Evolution\FSS Software Evolution\react\packages\react-refresh\src\__tests__\ReactFresh-test.js
Class Component,Hello,C:\Users\Francesco\PycharmProjects\FSS Software Evolution\FSS Software Evolution\react\packages\react-refresh\src\__tests__\ReactFresh-test.js
Class Component,Hello,C:\Users\Francesco\PycharmProjects\FSS Software Evolution\FSS Software Evolution\react\packages\react-refresh\src\__tests__\ReactFresh-test.js
Class Component,Hello,C:\Users\Francesco\PycharmProjects\FSS Software Evolution\FSS Software Evolution\react\packages\react-refresh\src\__tests__\ReactFresh-test.js
Class Component,Hello,C:\Users\Francesco\PycharmProjects\FSS Software Evolution\FSS Software Evolution\react\packages\react-refresh\src\__tests__\ReactFresh-test.js
Class Component,Hello,C:\Users\Francesco\PycharmProjects\FSS Software Evolution\FSS Software Evolution\react\packages\react-refresh\src\__tests__\ReactFresh-test.js
Class Component,Hello,C:\Users\Francesco\PycharmProjects\FSS Software Evolution\FSS Software Evolution\react\packages\react-refresh\src\__tests__\ReactFresh-test.js
Class Component,Btn,C:\Users\Francesco\PycharmProjects\FSS Software Evolution\FSS Software Evolution\react\packages\react-refresh\src\__tests__\ReactFresh-test.js
Class Component,PureBtn,C:\Users\Francesco\PycharmProjects\FSS Software Evolution\FSS Software Evolution\react\packages\react-refresh\src\__tests__\ReactFresh-test.js
Class Component,Btn,C:\Users\Francesco\PycharmProjects\FSS Software Evolution\FSS Software Evolution\react\packages\react-refresh\src\__tests__\ReactFresh-test.js
Class Component,PureBtn,C:\Users\Francesco\PycharmProjects\FSS Software Evolution\FSS Software Evolution\react\packages\react-refresh\src\__tests__\ReactFresh-test.js
Function Component,renderInner,C:\Users\Francesco\PycharmProjects\FSS Software Evolution\FSS Software Evolution\react\packages\react-refresh\src\__tests__\ReactFresh-test.js
Function Component,renderInner,C:\Users\Francesco\PycharmProjects\FSS Software Evolution\FSS Software Evolution\react\packages\react-refresh\src\__tests__\ReactFresh-test.js
Function Component,renderHello,C:\Users\Francesco\PycharmProjects\FSS Software Evolution\FSS Software Evolution\react\packages\react-refresh\src\__tests__\ReactFresh-test.js
Function Component,renderHello,C:\Users\Francesco\PycharmProjects\FSS Software Evolution\FSS Software Evolution\react\packages\react-refresh\src\__tests__\ReactFresh-test.js
Function Component,Hello,C:\Users\Francesco\PycharmProjects\FSS Software Evolution\FSS Software Evolution\react\packages\react-refresh\src\__tests__\ReactFresh-test.js
Function Component,Hello,C:\Users\Francesco\PycharmProjects\FSS Software Evolution\FSS Software Evolution\react\packages\react-refresh\src\__tests__\ReactFresh-test.js
Function Component,Hello,C:\Users\Francesco\PycharmProjects\FSS Software Evolution\FSS Software Evolution\react\packages\react-refresh\src\__tests__\ReactFresh-test.js
Function Component,Hello,C:\Users\Francesco\PycharmProjects\FSS Software Evolution\FSS Software Evolution\react\packages\react-refresh\src\__tests__\ReactFresh-test.js
Function Component,Hello,C:\Users\Francesco\PycharmProjects\FSS Software Evolution\FSS Software Evolution\react\packages\react-refresh\src\__tests__\ReactFresh-test.js
Function Component,Hello,C:\Users\Francesco\PycharmProjects\FSS Software Evolution\FSS Software Evolution\react\packages\react-refresh\src\__tests__\ReactFresh-test.js
Function Component,Hello,C:\Users\Francesco\PycharmProjects\FSS Software Evolution\FSS Software Evolution\react\packages\react-refresh\src\__tests__\ReactFresh-test.js
Function Component,Hello,C:\Users\Francesco\PycharmProjects\FSS Software Evolution\FSS Software Evolution\react\packages\react-refresh\src\__tests__\ReactFresh-test.js
Function Component,Hello,C:\Users\Francesco\PycharmProjects\FSS Software Evolution\FSS Software Evolution\react\packages\react-refresh\src\__tests__\ReactFresh-test.js
Function Component,Hello,C:\Users\Francesco\PycharmProjects\FSS Software Evolution\FSS Software Evolution\react\packages\react-refresh\src\__tests__\ReactFresh-test.js
Function Component,Hello,C:\Users\Francesco\PycharmProjects\FSS Software Evolution\FSS Software Evolution\react\packages\react-refresh\src\__tests__\ReactFresh-test.js
Function Component,Hello,C:\Users\Francesco\PycharmProjects\FSS Software Evolution\FSS Software Evolution\react\packages\react-refresh\src\__tests__\ReactFresh-test.js
Function Component,Hello,C:\Users\Francesco\PycharmProjects\FSS Software Evolution\FSS Software Evolution\react\packages\react-refresh\src\__tests__\ReactFresh-test.js
Function Component,Hello,C:\Users\Francesco\PycharmProjects\FSS Software Evolution\FSS Software Evolution\react\packages\react-refresh\src\__tests__\ReactFresh-test.js
Function Component,Hello,C:\Users\Francesco\PycharmProjects\FSS Software Evolution\FSS Software Evolution\react\packages\react-refresh\src\__tests__\ReactFresh-test.js
Function Component,Hello,C:\Users\Francesco\PycharmProjects\FSS Software Evolution\FSS Software Evolution\react\packages\react-refresh\src\__tests__\ReactFresh-test.js
Function Component,Hello,C:\Users\Francesco\PycharmProjects\FSS Software Evolution\FSS Software Evolution\react\packages\react-refresh\src\__tests__\ReactFresh-test.js
Function Component,Hello,C:\Users\Francesco\PycharmProjects\FSS Software Evolution\FSS Software Evolution\react\packages\react-refresh\src\__tests__\ReactFresh-test.js
Function Component,Hello,C:\Users\Francesco\PycharmProjects\FSS Software Evolution\FSS Software Evolution\react\packages\react-refresh\src\__tests__\ReactFresh-test.js
Function Component,Hello,C:\Users\Francesco\PycharmProjects\FSS Software Evolution\FSS Software Evolution\react\packages\react-refresh\src\__tests__\ReactFresh-test.js
Function Component,Hello,C:\Users\Francesco\PycharmProjects\FSS Software Evolution\FSS Software Evolution\react\packages\react-refresh\src\__tests__\ReactFresh-test.js
Function Component,Bar,C:\Users\Francesco\PycharmProjects\FSS Software Evolution\FSS Software Evolution\react\packages\react-refresh\src\__tests__\ReactFreshBabelPlugin-test.js
Function Component,Bar,C:\Users\Francesco\PycharmProjects\FSS Software Evolution\FSS Software Evolution\react\packages\react-refresh\src\__tests__\ReactFreshBabelPlugin-test.js
Function Component,Baz,C:\Users\Francesco\PycharmProjects\FSS Software Evolution\FSS Software Evolution\react\packages\react-refresh\src\__tests__\ReactFreshBabelPlugin-test.js
Function Component,Hello,C:\Users\Francesco\PycharmProjects\FSS Software Evolution\FSS Software Evolution\react\packages\react-refresh\src\__tests__\ReactFreshBabelPlugin-test.js
Function Component,Baz,C:\Users\Francesco\PycharmProjects\FSS Software Evolution\FSS Software Evolution\react\packages\react-refresh\src\__tests__\ReactFreshBabelPlugin-test.js
Function Component,Foo,C:\Users\Francesco\PycharmProjects\FSS Software Evolution\FSS Software Evolution\react\packages\react-refresh\src\__tests__\ReactFreshBabelPlugin-test.js
Function Component,Named,C:\Users\Francesco\PycharmProjects\FSS Software Evolution\FSS Software Evolution\react\packages\react-refresh\src\__tests__\ReactFreshBabelPlugin-test.js
Function Component,Foo,C:\Users\Francesco\PycharmProjects\FSS Software Evolution\FSS Software Evolution\react\packages\react-refresh\src\__tests__\ReactFreshBabelPlugin-test.js
Arrow Function Component,Bar,C:\Users\Francesco\PycharmProjects\FSS Software Evolution\FSS Software Evolution\react\packages\react-refresh\src\__tests__\ReactFreshBabelPlugin-test.js
Class Component,A,C:\Users\Francesco\PycharmProjects\FSS Software Evolution\FSS Software Evolution\react\packages\react-refresh\src\__tests__\ReactFreshIntegration-test.js
Class Component,App,C:\Users\Francesco\PycharmProjects\FSS Software Evolution\FSS Software Evolution\react\packages\react-refresh\src\__tests__\ReactFreshIntegration-test.js
Class Component,App,C:\Users\Francesco\PycharmProjects\FSS Software Evolution\FSS Software Evolution\react\packages\react-refresh\src\__tests__\ReactFreshIntegration-test.js
Class Component,App,C:\Users\Francesco\PycharmProjects\FSS Software Evolution\FSS Software Evolution\react\packages\react-refresh\src\__tests__\ReactFreshIntegration-test.js
Class Component,App,C:\Users\Francesco\PycharmProjects\FSS Software Evolution\FSS Software Evolution\react\packages\react-refresh\src\__tests__\ReactFreshIntegration-test.js
Class Component,App,C:\Users\Francesco\PycharmProjects\FSS Software Evolution\FSS Software Evolution\react\packages\react-refresh\src\__tests__\ReactFreshIntegration-test.js
Function Component,Parent,C:\Users\Francesco\PycharmProjects\FSS Software Evolution\FSS Software Evolution\react\packages\react-refresh\src\__tests__\ReactFreshIntegration-test.js
Function Component,Child,C:\Users\Francesco\PycharmProjects\FSS Software Evolution\FSS Software Evolution\react\packages\react-refresh\src\__tests__\ReactFreshIntegration-test.js
Function Component,Parent,C:\Users\Francesco\PycharmProjects\FSS Software Evolution\FSS Software Evolution\react\packages\react-refresh\src\__tests__\ReactFreshIntegration-test.js
Function Component,Child,C:\Users\Francesco\PycharmProjects\FSS Software Evolution\FSS Software Evolution\react\packages\react-refresh\src\__tests__\ReactFreshIntegration-test.js
Function Component,Parent,C:\Users\Francesco\PycharmProjects\FSS Software Evolution\FSS Software Evolution\react\packages\react-refresh\src\__tests__\ReactFreshIntegration-test.js
Function Component,Parent,C:\Users\Francesco\PycharmProjects\FSS Software Evolution\FSS Software Evolution\react\packages\react-refresh\src\__tests__\ReactFreshIntegration-test.js
Function Component,A,C:\Users\Francesco\PycharmProjects\FSS Software Evolution\FSS Software Evolution\react\packages\react-refresh\src\__tests__\ReactFreshIntegration-test.js
Function Component,A,C:\Users\Francesco\PycharmProjects\FSS Software Evolution\FSS Software Evolution\react\packages\react-refresh\src\__tests__\ReactFreshIntegration-test.js
Function Component,A,C:\Users\Francesco\PycharmProjects\FSS Software Evolution\FSS Software Evolution\react\packages\react-refresh\src\__tests__\ReactFreshIntegration-test.js
Function Component,A,C:\Users\Francesco\PycharmProjects\FSS Software Evolution\FSS Software Evolution\react\packages\react-refresh\src\__tests__\ReactFreshIntegration-test.js
Function Component,Parent,C:\Users\Francesco\PycharmProjects\FSS Software Evolution\FSS Software Evolution\react\packages\react-refresh\src\__tests__\ReactFreshIntegration-test.js
Function Component,Indirection,C:\Users\Francesco\PycharmProjects\FSS Software Evolution\FSS Software Evolution\react\packages\react-refresh\src\__tests__\ReactFreshIntegration-test.js
Function Component,Indirection,C:\Users\Francesco\PycharmProjects\FSS Software Evolution\FSS Software Evolution\react\packages\react-refresh\src\__tests__\ReactFreshIntegration-test.js
Function Component,Indirection,C:\Users\Francesco\PycharmProjects\FSS Software Evolution\FSS Software Evolution\react\packages\react-refresh\src\__tests__\ReactFreshIntegration-test.js
Function Component,App,C:\Users\Francesco\PycharmProjects\FSS Software Evolution\FSS Software Evolution\react\packages\react-refresh\src\__tests__\ReactFreshIntegration-test.js
Function Component,App,C:\Users\Francesco\PycharmProjects\FSS Software Evolution\FSS Software Evolution\react\packages\react-refresh\src\__tests__\ReactFreshIntegration-test.js
Function Component,App,C:\Users\Francesco\PycharmProjects\FSS Software Evolution\FSS Software Evolution\react\packages\react-refresh\src\__tests__\ReactFreshIntegration-test.js
Function Component,App,C:\Users\Francesco\PycharmProjects\FSS Software Evolution\FSS Software Evolution\react\packages\react-refresh\src\__tests__\ReactFreshIntegration-test.js
Function Component,App,C:\Users\Francesco\PycharmProjects\FSS Software Evolution\FSS Software Evolution\react\packages\react-refresh\src\__tests__\ReactFreshIntegration-test.js
Function Component,App,C:\Users\Francesco\PycharmProjects\FSS Software Evolution\FSS Software Evolution\react\packages\react-refresh\src\__tests__\ReactFreshIntegration-test.js
Function Component,App,C:\Users\Francesco\PycharmProjects\FSS Software Evolution\FSS Software Evolution\react\packages\react-refresh\src\__tests__\ReactFreshIntegration-test.js
Function Component,App,C:\Users\Francesco\PycharmProjects\FSS Software Evolution\FSS Software Evolution\react\packages\react-refresh\src\__tests__\ReactFreshIntegration-test.js
Function Component,App,C:\Users\Francesco\PycharmProjects\FSS Software Evolution\FSS Software Evolution\react\packages\react-refresh\src\__tests__\ReactFreshIntegration-test.js
Function Component,App,C:\Users\Francesco\PycharmProjects\FSS Software Evolution\FSS Software Evolution\react\packages\react-refresh\src\__tests__\ReactFreshIntegration-test.js
Function Component,Wrapper,C:\Users\Francesco\PycharmProjects\FSS Software Evolution\FSS Software Evolution\react\packages\react-refresh\src\__tests__\ReactFreshIntegration-test.js
Function Component,App,C:\Users\Francesco\PycharmProjects\FSS Software Evolution\FSS Software Evolution\react\packages\react-refresh\src\__tests__\ReactFreshIntegration-test.js
Function Component,Wrapper,C:\Users\Francesco\PycharmProjects\FSS Software Evolution\FSS Software Evolution\react\packages\react-refresh\src\__tests__\ReactFreshIntegration-test.js
Function Component,App,C:\Users\Francesco\PycharmProjects\FSS Software Evolution\FSS Software Evolution\react\packages\react-refresh\src\__tests__\ReactFreshIntegration-test.js
Function Component,App,C:\Users\Francesco\PycharmProjects\FSS Software Evolution\FSS Software Evolution\react\packages\react-refresh\src\__tests__\ReactFreshIntegration-test.js
Function Component,App,C:\Users\Francesco\PycharmProjects\FSS Software Evolution\FSS Software Evolution\react\packages\react-refresh\src\__tests__\ReactFreshIntegration-test.js
Function Component,App,C:\Users\Francesco\PycharmProjects\FSS Software Evolution\FSS Software Evolution\react\packages\react-refresh\src\__tests__\ReactFreshIntegration-test.js
Function Component,App,C:\Users\Francesco\PycharmProjects\FSS Software Evolution\FSS Software Evolution\react\packages\react-refresh\src\__tests__\ReactFreshIntegration-test.js
Function Component,App,C:\Users\Francesco\PycharmProjects\FSS Software Evolution\FSS Software Evolution\react\packages\react-refresh\src\__tests__\ReactFreshIntegration-test.js
Function Component,App,C:\Users\Francesco\PycharmProjects\FSS Software Evolution\FSS Software Evolution\react\packages\react-refresh\src\__tests__\ReactFreshIntegration-test.js
Function Component,App,C:\Users\Francesco\PycharmProjects\FSS Software Evolution\FSS Software Evolution\react\packages\react-refresh\src\__tests__\ReactFreshIntegration-test.js
Function Component,App,C:\Users\Francesco\PycharmProjects\FSS Software Evolution\FSS Software Evolution\react\packages\react-refresh\src\__tests__\ReactFreshIntegration-test.js
Function Component,App,C:\Users\Francesco\PycharmProjects\FSS Software Evolution\FSS Software Evolution\react\packages\react-refresh\src\__tests__\ReactFreshIntegration-test.js
Function Component,App,C:\Users\Francesco\PycharmProjects\FSS Software Evolution\FSS Software Evolution\react\packages\react-refresh\src\__tests__\ReactFreshIntegration-test.js
Function Component,App,C:\Users\Francesco\PycharmProjects\FSS Software Evolution\FSS Software Evolution\react\packages\react-refresh\src\__tests__\ReactFreshIntegration-test.js
Function Component,App,C:\Users\Francesco\PycharmProjects\FSS Software Evolution\FSS Software Evolution\react\packages\react-refresh\src\__tests__\ReactFreshIntegration-test.js
Function Component,App,C:\Users\Francesco\PycharmProjects\FSS Software Evolution\FSS Software Evolution\react\packages\react-refresh\src\__tests__\ReactFreshIntegration-test.js
Function Component,App,C:\Users\Francesco\PycharmProjects\FSS Software Evolution\FSS Software Evolution\react\packages\react-refresh\src\__tests__\ReactFreshIntegration-test.js
Function Component,Parent,C:\Users\Francesco\PycharmProjects\FSS Software Evolution\FSS Software Evolution\react\packages\react-refresh\src\__tests__\ReactFreshIntegration-test.js
Function Component,Parent,C:\Users\Francesco\PycharmProjects\FSS Software Evolution\FSS Software Evolution\react\packages\react-refresh\src\__tests__\ReactFreshIntegration-test.js
Arrow Function Component,Parent,C:\Users\Francesco\PycharmProjects\FSS Software Evolution\FSS Software Evolution\react\packages\react-refresh\src\__tests__\ReactFreshIntegration-test.js
Arrow Function Component,Child,C:\Users\Francesco\PycharmProjects\FSS Software Evolution\FSS Software Evolution\react\packages\react-refresh\src\__tests__\ReactFreshIntegration-test.js
Arrow Function Component,Parent,C:\Users\Francesco\PycharmProjects\FSS Software Evolution\FSS Software Evolution\react\packages\react-refresh\src\__tests__\ReactFreshIntegration-test.js
Arrow Function Component,Child,C:\Users\Francesco\PycharmProjects\FSS Software Evolution\FSS Software Evolution\react\packages\react-refresh\src\__tests__\ReactFreshIntegration-test.js
Arrow Function Component,Parent,C:\Users\Francesco\PycharmProjects\FSS Software Evolution\FSS Software Evolution\react\packages\react-refresh\src\__tests__\ReactFreshIntegration-test.js
Arrow Function Component,Child,C:\Users\Francesco\PycharmProjects\FSS Software Evolution\FSS Software Evolution\react\packages\react-refresh\src\__tests__\ReactFreshIntegration-test.js
Arrow Function Component,Child,C:\Users\Francesco\PycharmProjects\FSS Software Evolution\FSS Software Evolution\react\packages\react-refresh\src\__tests__\ReactFreshIntegration-test.js
Function Component,Text,C:\Users\Francesco\PycharmProjects\FSS Software Evolution\FSS Software Evolution\react\packages\react-server-dom-turbopack\src\__tests__\ReactFlightTurbopackDOM-test.js
Function Component,Text,C:\Users\Francesco\PycharmProjects\FSS Software Evolution\FSS Software Evolution\react\packages\react-server-dom-turbopack\src\__tests__\ReactFlightTurbopackDOM-test.js
Function Component,Message,C:\Users\Francesco\PycharmProjects\FSS Software Evolution\FSS Software Evolution\react\packages\react-server-dom-turbopack\src\__tests__\ReactFlightTurbopackDOM-test.js
Function Component,Print,C:\Users\Francesco\PycharmProjects\FSS Software Evolution\FSS Software Evolution\react\packages\react-server-dom-turbopack\src\__tests__\ReactFlightTurbopackDOM-test.js
Function Component,Print,C:\Users\Francesco\PycharmProjects\FSS Software Evolution\FSS Software Evolution\react\packages\react-server-dom-turbopack\src\__tests__\ReactFlightTurbopackDOM-test.js
Function Component,Print,C:\Users\Francesco\PycharmProjects\FSS Software Evolution\FSS Software Evolution\react\packages\react-server-dom-turbopack\src\__tests__\ReactFlightTurbopackDOM-test.js
Function Component,Text,C:\Users\Francesco\PycharmProjects\FSS Software Evolution\FSS Software Evolution\react\packages\react-server-dom-turbopack\src\__tests__\ReactFlightTurbopackDOMBrowser-test.js
Function Component,ClientComponent,C:\Users\Francesco\PycharmProjects\FSS Software Evolution\FSS Software Evolution\react\packages\react-server-dom-turbopack\src\__tests__\ReactFlightTurbopackDOMEdge-test.js
Function Component,App,C:\Users\Francesco\PycharmProjects\FSS Software Evolution\FSS Software Evolution\react\packages\react-server-dom-turbopack\src\__tests__\ReactFlightTurbopackDOMEdge-test.js
Function Component,ClientComponent,C:\Users\Francesco\PycharmProjects\FSS Software Evolution\FSS Software Evolution\react\packages\react-server-dom-turbopack\src\__tests__\ReactFlightTurbopackDOMNode-test.js
Function Component,App,C:\Users\Francesco\PycharmProjects\FSS Software Evolution\FSS Software Evolution\react\packages\react-server-dom-turbopack\src\__tests__\ReactFlightTurbopackDOMNode-test.js
Function Component,Text,C:\Users\Francesco\PycharmProjects\FSS Software Evolution\FSS Software Evolution\react\packages\react-server-dom-webpack\src\__tests__\ReactFlightDOM-test.js
Function Component,Text,C:\Users\Francesco\PycharmProjects\FSS Software Evolution\FSS Software Evolution\react\packages\react-server-dom-webpack\src\__tests__\ReactFlightDOM-test.js
Function Component,Message,C:\Users\Francesco\PycharmProjects\FSS Software Evolution\FSS Software Evolution\react\packages\react-server-dom-webpack\src\__tests__\ReactFlightDOM-test.js
Function Component,Message,C:\Users\Francesco\PycharmProjects\FSS Software Evolution\FSS Software Evolution\react\packages\react-server-dom-webpack\src\__tests__\ReactFlightDOM-test.js
Function Component,Message,C:\Users\Francesco\PycharmProjects\FSS Software Evolution\FSS Software Evolution\react\packages\react-server-dom-webpack\src\__tests__\ReactFlightDOM-test.js
Function Component,Print,C:\Users\Francesco\PycharmProjects\FSS Software Evolution\FSS Software Evolution\react\packages\react-server-dom-webpack\src\__tests__\ReactFlightDOM-test.js
Function Component,Print,C:\Users\Francesco\PycharmProjects\FSS Software Evolution\FSS Software Evolution\react\packages\react-server-dom-webpack\src\__tests__\ReactFlightDOM-test.js
Function Component,Print,C:\Users\Francesco\PycharmProjects\FSS Software Evolution\FSS Software Evolution\react\packages\react-server-dom-webpack\src\__tests__\ReactFlightDOM-test.js
Function Component,Print,C:\Users\Francesco\PycharmProjects\FSS Software Evolution\FSS Software Evolution\react\packages\react-server-dom-webpack\src\__tests__\ReactFlightDOM-test.js
Function Component,Print,C:\Users\Francesco\PycharmProjects\FSS Software Evolution\FSS Software Evolution\react\packages\react-server-dom-webpack\src\__tests__\ReactFlightDOM-test.js
Function Component,Print,C:\Users\Francesco\PycharmProjects\FSS Software Evolution\FSS Software Evolution\react\packages\react-server-dom-webpack\src\__tests__\ReactFlightDOM-test.js
Function Component,Print,C:\Users\Francesco\PycharmProjects\FSS Software Evolution\FSS Software Evolution\react\packages\react-server-dom-webpack\src\__tests__\ReactFlightDOM-test.js
Function Component,ProfilePosts,C:\Users\Francesco\PycharmProjects\FSS Software Evolution\FSS Software Evolution\react\packages\react-server-dom-webpack\src\__tests__\ReactFlightDOM-test.js
Function Component,ProfileGames,C:\Users\Francesco\PycharmProjects\FSS Software Evolution\FSS Software Evolution\react\packages\react-server-dom-webpack\src\__tests__\ReactFlightDOM-test.js
Function Component,Input,C:\Users\Francesco\PycharmProjects\FSS Software Evolution\FSS Software Evolution\react\packages\react-server-dom-webpack\src\__tests__\ReactFlightDOM-test.js
Function Component,Component,C:\Users\Francesco\PycharmProjects\FSS Software Evolution\FSS Software Evolution\react\packages\react-server-dom-webpack\src\__tests__\ReactFlightDOM-test.js
Function Component,Component,C:\Users\Francesco\PycharmProjects\FSS Software Evolution\FSS Software Evolution\react\packages\react-server-dom-webpack\src\__tests__\ReactFlightDOM-test.js
Function Component,Component,C:\Users\Francesco\PycharmProjects\FSS Software Evolution\FSS Software Evolution\react\packages\react-server-dom-webpack\src\__tests__\ReactFlightDOM-test.js
Function Component,Component,C:\Users\Francesco\PycharmProjects\FSS Software Evolution\FSS Software Evolution\react\packages\react-server-dom-webpack\src\__tests__\ReactFlightDOM-test.js
Function Component,Sibling,C:\Users\Francesco\PycharmProjects\FSS Software Evolution\FSS Software Evolution\react\packages\react-server-dom-webpack\src\__tests__\ReactFlightDOM-test.js
Function Component,Sibling,C:\Users\Francesco\PycharmProjects\FSS Software Evolution\FSS Software Evolution\react\packages\react-server-dom-webpack\src\__tests__\ReactFlightDOM-test.js
Function Component,Sibling,C:\Users\Francesco\PycharmProjects\FSS Software Evolution\FSS Software Evolution\react\packages\react-server-dom-webpack\src\__tests__\ReactFlightDOM-test.js
Function Component,Sibling,C:\Users\Francesco\PycharmProjects\FSS Software Evolution\FSS Software Evolution\react\packages\react-server-dom-webpack\src\__tests__\ReactFlightDOM-test.js
Function Component,Sibling,C:\Users\Francesco\PycharmProjects\FSS Software Evolution\FSS Software Evolution\react\packages\react-server-dom-webpack\src\__tests__\ReactFlightDOM-test.js
Class Component,ErrorBoundary,C:\Users\Francesco\PycharmProjects\FSS Software Evolution\FSS Software Evolution\react\packages\react-server-dom-webpack\src\__tests__\ReactFlightDOMBrowser-test.js
Class Component,ErrorBoundary,C:\Users\Francesco\PycharmProjects\FSS Software Evolution\FSS Software Evolution\react\packages\react-server-dom-webpack\src\__tests__\ReactFlightDOMBrowser-test.js
Class Component,ErrorBoundary,C:\Users\Francesco\PycharmProjects\FSS Software Evolution\FSS Software Evolution\react\packages\react-server-dom-webpack\src\__tests__\ReactFlightDOMBrowser-test.js
Function Component,Text,C:\Users\Francesco\PycharmProjects\FSS Software Evolution\FSS Software Evolution\react\packages\react-server-dom-webpack\src\__tests__\ReactFlightDOMBrowser-test.js
Function Component,ClientOuter,C:\Users\Francesco\PycharmProjects\FSS Software Evolution\FSS Software Evolution\react\packages\react-server-dom-webpack\src\__tests__\ReactFlightDOMBrowser-test.js
Function Component,ClientInner,C:\Users\Francesco\PycharmProjects\FSS Software Evolution\FSS Software Evolution\react\packages\react-server-dom-webpack\src\__tests__\ReactFlightDOMBrowser-test.js
Function Component,Server,C:\Users\Francesco\PycharmProjects\FSS Software Evolution\FSS Software Evolution\react\packages\react-server-dom-webpack\src\__tests__\ReactFlightDOMBrowser-test.js
Function Component,ClientOuter,C:\Users\Francesco\PycharmProjects\FSS Software Evolution\FSS Software Evolution\react\packages\react-server-dom-webpack\src\__tests__\ReactFlightDOMBrowser-test.js
Function Component,ClientInner,C:\Users\Francesco\PycharmProjects\FSS Software Evolution\FSS Software Evolution\react\packages\react-server-dom-webpack\src\__tests__\ReactFlightDOMBrowser-test.js
Function Component,Server,C:\Users\Francesco\PycharmProjects\FSS Software Evolution\FSS Software Evolution\react\packages\react-server-dom-webpack\src\__tests__\ReactFlightDOMBrowser-test.js
Function Component,ClientOuter,C:\Users\Francesco\PycharmProjects\FSS Software Evolution\FSS Software Evolution\react\packages\react-server-dom-webpack\src\__tests__\ReactFlightDOMBrowser-test.js
Function Component,ClientInner,C:\Users\Francesco\PycharmProjects\FSS Software Evolution\FSS Software Evolution\react\packages\react-server-dom-webpack\src\__tests__\ReactFlightDOMBrowser-test.js
Function Component,Server,C:\Users\Francesco\PycharmProjects\FSS Software Evolution\FSS Software Evolution\react\packages\react-server-dom-webpack\src\__tests__\ReactFlightDOMBrowser-test.js
Function Component,ProfilePosts,C:\Users\Francesco\PycharmProjects\FSS Software Evolution\FSS Software Evolution\react\packages\react-server-dom-webpack\src\__tests__\ReactFlightDOMBrowser-test.js
Function Component,ProfileGames,C:\Users\Francesco\PycharmProjects\FSS Software Evolution\FSS Software Evolution\react\packages\react-server-dom-webpack\src\__tests__\ReactFlightDOMBrowser-test.js
Function Component,ProfilePosts,C:\Users\Francesco\PycharmProjects\FSS Software Evolution\FSS Software Evolution\react\packages\react-server-dom-webpack\src\__tests__\ReactFlightDOMBrowser-test.js
Function Component,Component,C:\Users\Francesco\PycharmProjects\FSS Software Evolution\FSS Software Evolution\react\packages\react-server-dom-webpack\src\__tests__\ReactFlightDOMBrowser-test.js
Function Component,Component,C:\Users\Francesco\PycharmProjects\FSS Software Evolution\FSS Software Evolution\react\packages\react-server-dom-webpack\src\__tests__\ReactFlightDOMBrowser-test.js
Function Component,ClientComponent,C:\Users\Francesco\PycharmProjects\FSS Software Evolution\FSS Software Evolution\react\packages\react-server-dom-webpack\src\__tests__\ReactFlightDOMEdge-test.js
Function Component,App,C:\Users\Francesco\PycharmProjects\FSS Software Evolution\FSS Software Evolution\react\packages\react-server-dom-webpack\src\__tests__\ReactFlightDOMEdge-test.js
Function Component,Page1,C:\Users\Francesco\PycharmProjects\FSS Software Evolution\FSS Software Evolution\react\packages\react-server-dom-webpack\src\__tests__\ReactFlightDOMForm-test.js
Function Component,Page2,C:\Users\Francesco\PycharmProjects\FSS Software Evolution\FSS Software Evolution\react\packages\react-server-dom-webpack\src\__tests__\ReactFlightDOMForm-test.js
Function Component,action,C:\Users\Francesco\PycharmProjects\FSS Software Evolution\FSS Software Evolution\react\packages\react-server-dom-webpack\src\__tests__\ReactFlightDOMForm-test.js
Function Component,ClientComponent,C:\Users\Francesco\PycharmProjects\FSS Software Evolution\FSS Software Evolution\react\packages\react-server-dom-webpack\src\__tests__\ReactFlightDOMNode-test.js
Function Component,App,C:\Users\Francesco\PycharmProjects\FSS Software Evolution\FSS Software Evolution\react\packages\react-server-dom-webpack\src\__tests__\ReactFlightDOMNode-test.js
Function Component,ClientComponent,C:\Users\Francesco\PycharmProjects\FSS Software Evolution\FSS Software Evolution\react\packages\react-server-dom-webpack\src\__tests__\ReactFlightDOMNode-test.js
Function Component,App,C:\Users\Francesco\PycharmProjects\FSS Software Evolution\FSS Software Evolution\react\packages\react-server-dom-webpack\src\__tests__\ReactFlightDOMNode-test.js
Function Component,Component,C:\Users\Francesco\PycharmProjects\FSS Software Evolution\FSS Software Evolution\react\packages\react-server-dom-webpack\src\__tests__\ReactFlightDOMReply-test.js
Class Component,Component,C:\Users\Francesco\PycharmProjects\FSS Software Evolution\FSS Software Evolution\react\packages\react-test-renderer\src\__tests__\ReactTestRenderer-test.internal.js
Class Component,Component,C:\Users\Francesco\PycharmProjects\FSS Software Evolution\FSS Software Evolution\react\packages\react-test-renderer\src\__tests__\ReactTestRenderer-test.internal.js
Class Component,Mouse,C:\Users\Francesco\PycharmProjects\FSS Software Evolution\FSS Software Evolution\react\packages\react-test-renderer\src\__tests__\ReactTestRenderer-test.internal.js
Class Component,Log,C:\Users\Francesco\PycharmProjects\FSS Software Evolution\FSS Software Evolution\react\packages\react-test-renderer\src\__tests__\ReactTestRenderer-test.internal.js
Class Component,Foo,C:\Users\Francesco\PycharmProjects\FSS Software Evolution\FSS Software Evolution\react\packages\react-test-renderer\src\__tests__\ReactTestRenderer-test.internal.js
Class Component,Foo,C:\Users\Francesco\PycharmProjects\FSS Software Evolution\FSS Software Evolution\react\packages\react-test-renderer\src\__tests__\ReactTestRenderer-test.internal.js
Class Component,Foo,C:\Users\Francesco\PycharmProjects\FSS Software Evolution\FSS Software Evolution\react\packages\react-test-renderer\src\__tests__\ReactTestRenderer-test.internal.js
Class Component,Foo,C:\Users\Francesco\PycharmProjects\FSS Software Evolution\FSS Software Evolution\react\packages\react-test-renderer\src\__tests__\ReactTestRenderer-test.internal.js
Class Component,Angry,C:\Users\Francesco\PycharmProjects\FSS Software Evolution\FSS Software Evolution\react\packages\react-test-renderer\src\__tests__\ReactTestRenderer-test.internal.js
Class Component,Boundary,C:\Users\Francesco\PycharmProjects\FSS Software Evolution\FSS Software Evolution\react\packages\react-test-renderer\src\__tests__\ReactTestRenderer-test.internal.js
Class Component,Component,C:\Users\Francesco\PycharmProjects\FSS Software Evolution\FSS Software Evolution\react\packages\react-test-renderer\src\__tests__\ReactTestRenderer-test.internal.js
Class Component,Foo,C:\Users\Francesco\PycharmProjects\FSS Software Evolution\FSS Software Evolution\react\packages\react-test-renderer\src\__tests__\ReactTestRenderer-test.internal.js
Class Component,Foo,C:\Users\Francesco\PycharmProjects\FSS Software Evolution\FSS Software Evolution\react\packages\react-test-renderer\src\__tests__\ReactTestRenderer-test.internal.js
Class Component,Bar,C:\Users\Francesco\PycharmProjects\FSS Software Evolution\FSS Software Evolution\react\packages\react-test-renderer\src\__tests__\ReactTestRenderer-test.internal.js
Class Component,Bam,C:\Users\Francesco\PycharmProjects\FSS Software Evolution\FSS Software Evolution\react\packages\react-test-renderer\src\__tests__\ReactTestRenderer-test.internal.js
Class Component,App,C:\Users\Francesco\PycharmProjects\FSS Software Evolution\FSS Software Evolution\react\packages\react-test-renderer\src\__tests__\ReactTestRenderer-test.internal.js
Function Component,Link,C:\Users\Francesco\PycharmProjects\FSS Software Evolution\FSS Software Evolution\react\packages\react-test-renderer\src\__tests__\ReactTestRenderer-test.internal.js
Function Component,Link,C:\Users\Francesco\PycharmProjects\FSS Software Evolution\FSS Software Evolution\react\packages\react-test-renderer\src\__tests__\ReactTestRenderer-test.internal.js
Arrow Function Component,Child,C:\Users\Francesco\PycharmProjects\FSS Software Evolution\FSS Software Evolution\react\packages\react-test-renderer\src\__tests__\ReactTestRenderer-test.internal.js
Concise Arrow Function Component,Qoo,C:\Users\Francesco\PycharmProjects\FSS Software Evolution\FSS Software Evolution\react\packages\react-test-renderer\src\__tests__\ReactTestRenderer-test.internal.js
Concise Arrow Function Component,Qoo,C:\Users\Francesco\PycharmProjects\FSS Software Evolution\FSS Software Evolution\react\packages\react-test-renderer\src\__tests__\ReactTestRenderer-test.internal.js
Class Component,Example,C:\Users\Francesco\PycharmProjects\FSS Software Evolution\FSS Software Evolution\react\packages\react-test-renderer\src\__tests__\ReactTestRendererAsync-test.js
Class Component,Example,C:\Users\Francesco\PycharmProjects\FSS Software Evolution\FSS Software Evolution\react\packages\react-test-renderer\src\__tests__\ReactTestRendererTraversal-test.js
Class Component,ExampleSpread,C:\Users\Francesco\PycharmProjects\FSS Software Evolution\FSS Software Evolution\react\packages\react-test-renderer\src\__tests__\ReactTestRendererTraversal-test.js
Class Component,Component,C:\Users\Francesco\PycharmProjects\FSS Software Evolution\FSS Software Evolution\react\packages\shared\__tests__\describeComponentFrame-test.js
Class Component,Parent,C:\Users\Francesco\PycharmProjects\FSS Software Evolution\FSS Software Evolution\react\packages\use-subscription\src\__tests__\useSubscription-test.js
Class Component,Parent,C:\Users\Francesco\PycharmProjects\FSS Software Evolution\FSS Software Evolution\react\packages\use-subscription\src\__tests__\useSubscription-test.js
Class Component,ErrorBoundary,C:\Users\Francesco\PycharmProjects\FSS Software Evolution\FSS Software Evolution\react\packages\use-sync-external-store\src\__tests__\useSyncExternalStoreShared-test.js
Class Component,ReactImage0,C:\Users\Francesco\PycharmProjects\FSS Software Evolution\FSS Software Evolution\react\scripts\bench\benchmarks\pe-class-components\benchmark.js
Class Component,AbstractLink1,C:\Users\Francesco\PycharmProjects\FSS Software Evolution\FSS Software Evolution\react\scripts\bench\benchmarks\pe-class-components\benchmark.js
Class Component,Link2,C:\Users\Francesco\PycharmProjects\FSS Software Evolution\FSS Software Evolution\react\scripts\bench\benchmarks\pe-class-components\benchmark.js
Class Component,AbstractButton3,C:\Users\Francesco\PycharmProjects\FSS Software Evolution\FSS Software Evolution\react\scripts\bench\benchmarks\pe-class-components\benchmark.js
Class Component,XUIButton4,C:\Users\Francesco\PycharmProjects\FSS Software Evolution\FSS Software Evolution\react\scripts\bench\benchmarks\pe-class-components\benchmark.js
Class Component,AbstractPopoverButton5,C:\Users\Francesco\PycharmProjects\FSS Software Evolution\FSS Software Evolution\react\scripts\bench\benchmarks\pe-class-components\benchmark.js
Class Component,ReactXUIPopoverButton6,C:\Users\Francesco\PycharmProjects\FSS Software Evolution\FSS Software Evolution\react\scripts\bench\benchmarks\pe-class-components\benchmark.js
Class Component,BIGAdAccountSelector7,C:\Users\Francesco\PycharmProjects\FSS Software Evolution\FSS Software Evolution\react\scripts\bench\benchmarks\pe-class-components\benchmark.js
Class Component,FluxContainer_AdsPEBIGAdAccountSelectorContainer_8,C:\Users\Francesco\PycharmProjects\FSS Software Evolution\FSS Software Evolution\react\scripts\bench\benchmarks\pe-class-components\benchmark.js
Class Component,ErrorBoundary9,C:\Users\Francesco\PycharmProjects\FSS Software Evolution\FSS Software Evolution\react\scripts\bench\benchmarks\pe-class-components\benchmark.js
Class Component,AdsErrorBoundary10,C:\Users\Francesco\PycharmProjects\FSS Software Evolution\FSS Software Evolution\react\scripts\bench\benchmarks\pe-class-components\benchmark.js
Class Component,AdsPENavigationBar11,C:\Users\Francesco\PycharmProjects\FSS Software Evolution\FSS Software Evolution\react\scripts\bench\benchmarks\pe-class-components\benchmark.js
Class Component,FluxContainer_AdsPENavigationBarContainer_12,C:\Users\Francesco\PycharmProjects\FSS Software Evolution\FSS Software Evolution\react\scripts\bench\benchmarks\pe-class-components\benchmark.js
Class Component,AdsPEDraftSyncStatus13,C:\Users\Francesco\PycharmProjects\FSS Software Evolution\FSS Software Evolution\react\scripts\bench\benchmarks\pe-class-components\benchmark.js
Class Component,FluxContainer_AdsPEDraftSyncStatusContainer_14,C:\Users\Francesco\PycharmProjects\FSS Software Evolution\FSS Software Evolution\react\scripts\bench\benchmarks\pe-class-components\benchmark.js
Class Component,AdsPEDraftErrorsStatus15,C:\Users\Francesco\PycharmProjects\FSS Software Evolution\FSS Software Evolution\react\scripts\bench\benchmarks\pe-class-components\benchmark.js
Class Component,FluxContainer_viewFn_16,C:\Users\Francesco\PycharmProjects\FSS Software Evolution\FSS Software Evolution\react\scripts\bench\benchmarks\pe-class-components\benchmark.js
Class Component,AdsPEPublishButton17,C:\Users\Francesco\PycharmProjects\FSS Software Evolution\FSS Software Evolution\react\scripts\bench\benchmarks\pe-class-components\benchmark.js
Class Component,FluxContainer_AdsPEPublishButtonContainer_18,C:\Users\Francesco\PycharmProjects\FSS Software Evolution\FSS Software Evolution\react\scripts\bench\benchmarks\pe-class-components\benchmark.js
Class Component,InlineBlock19,C:\Users\Francesco\PycharmProjects\FSS Software Evolution\FSS Software Evolution\react\scripts\bench\benchmarks\pe-class-components\benchmark.js
Class Component,ReactPopoverMenu20,C:\Users\Francesco\PycharmProjects\FSS Software Evolution\FSS Software Evolution\react\scripts\bench\benchmarks\pe-class-components\benchmark.js
Class Component,LeftRight21,C:\Users\Francesco\PycharmProjects\FSS Software Evolution\FSS Software Evolution\react\scripts\bench\benchmarks\pe-class-components\benchmark.js
Class Component,AdsUnifiedNavigationLocalNav22,C:\Users\Francesco\PycharmProjects\FSS Software Evolution\FSS Software Evolution\react\scripts\bench\benchmarks\pe-class-components\benchmark.js
Class Component,XUIDialog23,C:\Users\Francesco\PycharmProjects\FSS Software Evolution\FSS Software Evolution\react\scripts\bench\benchmarks\pe-class-components\benchmark.js
Class Component,AdsPEResetDialog24,C:\Users\Francesco\PycharmProjects\FSS Software Evolution\FSS Software Evolution\react\scripts\bench\benchmarks\pe-class-components\benchmark.js
Class Component,AdsPETopNav25,C:\Users\Francesco\PycharmProjects\FSS Software Evolution\FSS Software Evolution\react\scripts\bench\benchmarks\pe-class-components\benchmark.js
Class Component,FluxContainer_AdsPETopNavContainer_26,C:\Users\Francesco\PycharmProjects\FSS Software Evolution\FSS Software Evolution\react\scripts\bench\benchmarks\pe-class-components\benchmark.js
Class Component,XUIAbstractGlyphButton27,C:\Users\Francesco\PycharmProjects\FSS Software Evolution\FSS Software Evolution\react\scripts\bench\benchmarks\pe-class-components\benchmark.js
Class Component,XUICloseButton28,C:\Users\Francesco\PycharmProjects\FSS Software Evolution\FSS Software Evolution\react\scripts\bench\benchmarks\pe-class-components\benchmark.js
Class Component,XUIText29,C:\Users\Francesco\PycharmProjects\FSS Software Evolution\FSS Software Evolution\react\scripts\bench\benchmarks\pe-class-components\benchmark.js
Class Component,XUINotice30,C:\Users\Francesco\PycharmProjects\FSS Software Evolution\FSS Software Evolution\react\scripts\bench\benchmarks\pe-class-components\benchmark.js
Class Component,ReactCSSTransitionGroupChild31,C:\Users\Francesco\PycharmProjects\FSS Software Evolution\FSS Software Evolution\react\scripts\bench\benchmarks\pe-class-components\benchmark.js
Class Component,ReactTransitionGroup32,C:\Users\Francesco\PycharmProjects\FSS Software Evolution\FSS Software Evolution\react\scripts\bench\benchmarks\pe-class-components\benchmark.js
Class Component,ReactCSSTransitionGroup33,C:\Users\Francesco\PycharmProjects\FSS Software Evolution\FSS Software Evolution\react\scripts\bench\benchmarks\pe-class-components\benchmark.js
Class Component,AdsPETopError34,C:\Users\Francesco\PycharmProjects\FSS Software Evolution\FSS Software Evolution\react\scripts\bench\benchmarks\pe-class-components\benchmark.js
Class Component,FluxContainer_AdsPETopErrorContainer_35,C:\Users\Francesco\PycharmProjects\FSS Software Evolution\FSS Software Evolution\react\scripts\bench\benchmarks\pe-class-components\benchmark.js
Class Component,FluxContainer_AdsGuidanceChannel_36,C:\Users\Francesco\PycharmProjects\FSS Software Evolution\FSS Software Evolution\react\scripts\bench\benchmarks\pe-class-components\benchmark.js
Class Component,ResponsiveBlock37,C:\Users\Francesco\PycharmProjects\FSS Software Evolution\FSS Software Evolution\react\scripts\bench\benchmarks\pe-class-components\benchmark.js
Class Component,FluxContainer_AdsBulkEditDialogContainer_38,C:\Users\Francesco\PycharmProjects\FSS Software Evolution\FSS Software Evolution\react\scripts\bench\benchmarks\pe-class-components\benchmark.js
Class Component,Column39,C:\Users\Francesco\PycharmProjects\FSS Software Evolution\FSS Software Evolution\react\scripts\bench\benchmarks\pe-class-components\benchmark.js
Class Component,XUIButtonGroup40,C:\Users\Francesco\PycharmProjects\FSS Software Evolution\FSS Software Evolution\react\scripts\bench\benchmarks\pe-class-components\benchmark.js
Class Component,AdsPEEditToolbarButton41,C:\Users\Francesco\PycharmProjects\FSS Software Evolution\FSS Software Evolution\react\scripts\bench\benchmarks\pe-class-components\benchmark.js
Class Component,FluxContainer_AdsPEEditCampaignGroupToolbarButtonContainer_42,C:\Users\Francesco\PycharmProjects\FSS Software Evolution\FSS Software Evolution\react\scripts\bench\benchmarks\pe-class-components\benchmark.js
Class Component,FluxContainer_AdsPEEditToolbarButtonContainer_43,C:\Users\Francesco\PycharmProjects\FSS Software Evolution\FSS Software Evolution\react\scripts\bench\benchmarks\pe-class-components\benchmark.js
Class Component,AdsPEExportImportMenu44,C:\Users\Francesco\PycharmProjects\FSS Software Evolution\FSS Software Evolution\react\scripts\bench\benchmarks\pe-class-components\benchmark.js
Class Component,FluxContainer_AdsPECustomizeExportContainer_45,C:\Users\Francesco\PycharmProjects\FSS Software Evolution\FSS Software Evolution\react\scripts\bench\benchmarks\pe-class-components\benchmark.js
Class Component,AdsPEExportAsTextDialog46,C:\Users\Francesco\PycharmProjects\FSS Software Evolution\FSS Software Evolution\react\scripts\bench\benchmarks\pe-class-components\benchmark.js
Class Component,FluxContainer_AdsPEExportAsTextDialogContainer_47,C:\Users\Francesco\PycharmProjects\FSS Software Evolution\FSS Software Evolution\react\scripts\bench\benchmarks\pe-class-components\benchmark.js
Class Component,AdsPEExportImportMenuContainer48,C:\Users\Francesco\PycharmProjects\FSS Software Evolution\FSS Software Evolution\react\scripts\bench\benchmarks\pe-class-components\benchmark.js
Class Component,Constructor49,C:\Users\Francesco\PycharmProjects\FSS Software Evolution\FSS Software Evolution\react\scripts\bench\benchmarks\pe-class-components\benchmark.js
Class Component,TagSelectorPopover50,C:\Users\Francesco\PycharmProjects\FSS Software Evolution\FSS Software Evolution\react\scripts\bench\benchmarks\pe-class-components\benchmark.js
Class Component,AdsPECampaignGroupTagContainer51,C:\Users\Francesco\PycharmProjects\FSS Software Evolution\FSS Software Evolution\react\scripts\bench\benchmarks\pe-class-components\benchmark.js
Class Component,AdsRuleToolbarMenu52,C:\Users\Francesco\PycharmProjects\FSS Software Evolution\FSS Software Evolution\react\scripts\bench\benchmarks\pe-class-components\benchmark.js
Class Component,FluxContainer_AdsPERuleToolbarMenuContainer_53,C:\Users\Francesco\PycharmProjects\FSS Software Evolution\FSS Software Evolution\react\scripts\bench\benchmarks\pe-class-components\benchmark.js
Class Component,FillColumn54,C:\Users\Francesco\PycharmProjects\FSS Software Evolution\FSS Software Evolution\react\scripts\bench\benchmarks\pe-class-components\benchmark.js
Class Component,Layout55,C:\Users\Francesco\PycharmProjects\FSS Software Evolution\FSS Software Evolution\react\scripts\bench\benchmarks\pe-class-components\benchmark.js
Class Component,AdsPEMainPaneToolbar56,C:\Users\Francesco\PycharmProjects\FSS Software Evolution\FSS Software Evolution\react\scripts\bench\benchmarks\pe-class-components\benchmark.js
Class Component,AdsPECampaignGroupToolbarContainer57,C:\Users\Francesco\PycharmProjects\FSS Software Evolution\FSS Software Evolution\react\scripts\bench\benchmarks\pe-class-components\benchmark.js
Class Component,AdsPEFiltersPopover58,C:\Users\Francesco\PycharmProjects\FSS Software Evolution\FSS Software Evolution\react\scripts\bench\benchmarks\pe-class-components\benchmark.js
Class Component,AbstractCheckboxInput59,C:\Users\Francesco\PycharmProjects\FSS Software Evolution\FSS Software Evolution\react\scripts\bench\benchmarks\pe-class-components\benchmark.js
Class Component,XUICheckboxInput60,C:\Users\Francesco\PycharmProjects\FSS Software Evolution\FSS Software Evolution\react\scripts\bench\benchmarks\pe-class-components\benchmark.js
Class Component,InputLabel61,C:\Users\Francesco\PycharmProjects\FSS Software Evolution\FSS Software Evolution\react\scripts\bench\benchmarks\pe-class-components\benchmark.js
Class Component,AdsPopoverLink62,C:\Users\Francesco\PycharmProjects\FSS Software Evolution\FSS Software Evolution\react\scripts\bench\benchmarks\pe-class-components\benchmark.js
Class Component,AdsHelpLink63,C:\Users\Francesco\PycharmProjects\FSS Software Evolution\FSS Software Evolution\react\scripts\bench\benchmarks\pe-class-components\benchmark.js
Class Component,BUIFilterTokenInput64,C:\Users\Francesco\PycharmProjects\FSS Software Evolution\FSS Software Evolution\react\scripts\bench\benchmarks\pe-class-components\benchmark.js
Class Component,BUIFilterToken65,C:\Users\Francesco\PycharmProjects\FSS Software Evolution\FSS Software Evolution\react\scripts\bench\benchmarks\pe-class-components\benchmark.js
Class Component,BUIFilterTokenCreateButton66,C:\Users\Francesco\PycharmProjects\FSS Software Evolution\FSS Software Evolution\react\scripts\bench\benchmarks\pe-class-components\benchmark.js
Class Component,BUIFilterTokenizer67,C:\Users\Francesco\PycharmProjects\FSS Software Evolution\FSS Software Evolution\react\scripts\bench\benchmarks\pe-class-components\benchmark.js
Class Component,XUIAmbientNUX68,C:\Users\Francesco\PycharmProjects\FSS Software Evolution\FSS Software Evolution\react\scripts\bench\benchmarks\pe-class-components\benchmark.js
Class Component,XUIAmbientNUX69,C:\Users\Francesco\PycharmProjects\FSS Software Evolution\FSS Software Evolution\react\scripts\bench\benchmarks\pe-class-components\benchmark.js
Class Component,AdsPEAmbientNUXMegaphone70,C:\Users\Francesco\PycharmProjects\FSS Software Evolution\FSS Software Evolution\react\scripts\bench\benchmarks\pe-class-components\benchmark.js
Class Component,AdsPEFilters71,C:\Users\Francesco\PycharmProjects\FSS Software Evolution\FSS Software Evolution\react\scripts\bench\benchmarks\pe-class-components\benchmark.js
Class Component,AdsPEFilterContainer72,C:\Users\Francesco\PycharmProjects\FSS Software Evolution\FSS Software Evolution\react\scripts\bench\benchmarks\pe-class-components\benchmark.js
Class Component,AdsPETablePager73,C:\Users\Francesco\PycharmProjects\FSS Software Evolution\FSS Software Evolution\react\scripts\bench\benchmarks\pe-class-components\benchmark.js
Class Component,AdsPECampaignGroupTablePagerContainer74,C:\Users\Francesco\PycharmProjects\FSS Software Evolution\FSS Software Evolution\react\scripts\bench\benchmarks\pe-class-components\benchmark.js
Class Component,AdsPETablePagerContainer75,C:\Users\Francesco\PycharmProjects\FSS Software Evolution\FSS Software Evolution\react\scripts\bench\benchmarks\pe-class-components\benchmark.js
Class Component,ReactXUIError76,C:\Users\Francesco\PycharmProjects\FSS Software Evolution\FSS Software Evolution\react\scripts\bench\benchmarks\pe-class-components\benchmark.js
Class Component,BUIPopoverButton77,C:\Users\Francesco\PycharmProjects\FSS Software Evolution\FSS Software Evolution\react\scripts\bench\benchmarks\pe-class-components\benchmark.js
Class Component,BUIDateRangePicker78,C:\Users\Francesco\PycharmProjects\FSS Software Evolution\FSS Software Evolution\react\scripts\bench\benchmarks\pe-class-components\benchmark.js
Class Component,AdsPEStatsRangePicker79,C:\Users\Francesco\PycharmProjects\FSS Software Evolution\FSS Software Evolution\react\scripts\bench\benchmarks\pe-class-components\benchmark.js
Class Component,AdsPEStatRange80,C:\Users\Francesco\PycharmProjects\FSS Software Evolution\FSS Software Evolution\react\scripts\bench\benchmarks\pe-class-components\benchmark.js
Class Component,AdsPEStatRangeContainer81,C:\Users\Francesco\PycharmProjects\FSS Software Evolution\FSS Software Evolution\react\scripts\bench\benchmarks\pe-class-components\benchmark.js
Class Component,AdsPESideTrayTabButton82,C:\Users\Francesco\PycharmProjects\FSS Software Evolution\FSS Software Evolution\react\scripts\bench\benchmarks\pe-class-components\benchmark.js
Class Component,AdsPEEditorTrayTabButton83,C:\Users\Francesco\PycharmProjects\FSS Software Evolution\FSS Software Evolution\react\scripts\bench\benchmarks\pe-class-components\benchmark.js
Class Component,AdsPEInsightsTrayTabButton84,C:\Users\Francesco\PycharmProjects\FSS Software Evolution\FSS Software Evolution\react\scripts\bench\benchmarks\pe-class-components\benchmark.js
Class Component,AdsPENekoDebuggerTrayTabButton85,C:\Users\Francesco\PycharmProjects\FSS Software Evolution\FSS Software Evolution\react\scripts\bench\benchmarks\pe-class-components\benchmark.js
Class Component,AdsPEEditorChildLink86,C:\Users\Francesco\PycharmProjects\FSS Software Evolution\FSS Software Evolution\react\scripts\bench\benchmarks\pe-class-components\benchmark.js
Class Component,AdsPEEditorChildLinkContainer87,C:\Users\Francesco\PycharmProjects\FSS Software Evolution\FSS Software Evolution\react\scripts\bench\benchmarks\pe-class-components\benchmark.js
Class Component,AdsPEHeaderSection88,C:\Users\Francesco\PycharmProjects\FSS Software Evolution\FSS Software Evolution\react\scripts\bench\benchmarks\pe-class-components\benchmark.js
Class Component,AdsPECampaignGroupHeaderSectionContainer89,C:\Users\Francesco\PycharmProjects\FSS Software Evolution\FSS Software Evolution\react\scripts\bench\benchmarks\pe-class-components\benchmark.js
Class Component,AdsEditorLoadingErrors90,C:\Users\Francesco\PycharmProjects\FSS Software Evolution\FSS Software Evolution\react\scripts\bench\benchmarks\pe-class-components\benchmark.js
Class Component,AdsTextInput91,C:\Users\Francesco\PycharmProjects\FSS Software Evolution\FSS Software Evolution\react\scripts\bench\benchmarks\pe-class-components\benchmark.js
Class Component,BUIFormElement92,C:\Users\Francesco\PycharmProjects\FSS Software Evolution\FSS Software Evolution\react\scripts\bench\benchmarks\pe-class-components\benchmark.js
Class Component,BUIForm93,C:\Users\Francesco\PycharmProjects\FSS Software Evolution\FSS Software Evolution\react\scripts\bench\benchmarks\pe-class-components\benchmark.js
Class Component,XUICard94,C:\Users\Francesco\PycharmProjects\FSS Software Evolution\FSS Software Evolution\react\scripts\bench\benchmarks\pe-class-components\benchmark.js
Class Component,AdsCard95,C:\Users\Francesco\PycharmProjects\FSS Software Evolution\FSS Software Evolution\react\scripts\bench\benchmarks\pe-class-components\benchmark.js
Class Component,AdsEditorNameSection96,C:\Users\Francesco\PycharmProjects\FSS Software Evolution\FSS Software Evolution\react\scripts\bench\benchmarks\pe-class-components\benchmark.js
Class Component,AdsCampaignGroupNameSectionContainer97,C:\Users\Francesco\PycharmProjects\FSS Software Evolution\FSS Software Evolution\react\scripts\bench\benchmarks\pe-class-components\benchmark.js
Class Component,_render98,C:\Users\Francesco\PycharmProjects\FSS Software Evolution\FSS Software Evolution\react\scripts\bench\benchmarks\pe-class-components\benchmark.js
Class Component,AdsPluginWrapper99,C:\Users\Francesco\PycharmProjects\FSS Software Evolution\FSS Software Evolution\react\scripts\bench\benchmarks\pe-class-components\benchmark.js
Class Component,XUICardHeaderTitle100,C:\Users\Francesco\PycharmProjects\FSS Software Evolution\FSS Software Evolution\react\scripts\bench\benchmarks\pe-class-components\benchmark.js
Class Component,XUICardSection101,C:\Users\Francesco\PycharmProjects\FSS Software Evolution\FSS Software Evolution\react\scripts\bench\benchmarks\pe-class-components\benchmark.js
Class Component,XUICardHeader102,C:\Users\Francesco\PycharmProjects\FSS Software Evolution\FSS Software Evolution\react\scripts\bench\benchmarks\pe-class-components\benchmark.js
Class Component,AdsCardHeader103,C:\Users\Francesco\PycharmProjects\FSS Software Evolution\FSS Software Evolution\react\scripts\bench\benchmarks\pe-class-components\benchmark.js
Class Component,AdsLabeledField104,C:\Users\Francesco\PycharmProjects\FSS Software Evolution\FSS Software Evolution\react\scripts\bench\benchmarks\pe-class-components\benchmark.js
Class Component,FlexibleBlock105,C:\Users\Francesco\PycharmProjects\FSS Software Evolution\FSS Software Evolution\react\scripts\bench\benchmarks\pe-class-components\benchmark.js
Class Component,AdsBulkCampaignSpendCapField106,C:\Users\Francesco\PycharmProjects\FSS Software Evolution\FSS Software Evolution\react\scripts\bench\benchmarks\pe-class-components\benchmark.js
Class Component,FluxContainer_AdsCampaignGroupSpendCapContainer_107,C:\Users\Francesco\PycharmProjects\FSS Software Evolution\FSS Software Evolution\react\scripts\bench\benchmarks\pe-class-components\benchmark.js
Class Component,AdsCardSection108,C:\Users\Francesco\PycharmProjects\FSS Software Evolution\FSS Software Evolution\react\scripts\bench\benchmarks\pe-class-components\benchmark.js
Class Component,AdsEditorCampaignGroupDetailsSection109,C:\Users\Francesco\PycharmProjects\FSS Software Evolution\FSS Software Evolution\react\scripts\bench\benchmarks\pe-class-components\benchmark.js
Class Component,AdsEditorCampaignGroupDetailsSectionContainer110,C:\Users\Francesco\PycharmProjects\FSS Software Evolution\FSS Software Evolution\react\scripts\bench\benchmarks\pe-class-components\benchmark.js
Class Component,_render111,C:\Users\Francesco\PycharmProjects\FSS Software Evolution\FSS Software Evolution\react\scripts\bench\benchmarks\pe-class-components\benchmark.js
Class Component,FluxContainer_AdsEditorToplineDetailsSectionContainer_112,C:\Users\Francesco\PycharmProjects\FSS Software Evolution\FSS Software Evolution\react\scripts\bench\benchmarks\pe-class-components\benchmark.js
Class Component,_render113,C:\Users\Francesco\PycharmProjects\FSS Software Evolution\FSS Software Evolution\react\scripts\bench\benchmarks\pe-class-components\benchmark.js
Class Component,AdsStickyArea114,C:\Users\Francesco\PycharmProjects\FSS Software Evolution\FSS Software Evolution\react\scripts\bench\benchmarks\pe-class-components\benchmark.js
Class Component,FluxContainer_AdsEditorColumnContainer_115,C:\Users\Francesco\PycharmProjects\FSS Software Evolution\FSS Software Evolution\react\scripts\bench\benchmarks\pe-class-components\benchmark.js
Class Component,BUISwitch116,C:\Users\Francesco\PycharmProjects\FSS Software Evolution\FSS Software Evolution\react\scripts\bench\benchmarks\pe-class-components\benchmark.js
Class Component,AdsStatusSwitchInternal117,C:\Users\Francesco\PycharmProjects\FSS Software Evolution\FSS Software Evolution\react\scripts\bench\benchmarks\pe-class-components\benchmark.js
Class Component,AdsStatusSwitch118,C:\Users\Francesco\PycharmProjects\FSS Software Evolution\FSS Software Evolution\react\scripts\bench\benchmarks\pe-class-components\benchmark.js
Class Component,FluxContainer_AdsCampaignGroupStatusSwitchContainer_119,C:\Users\Francesco\PycharmProjects\FSS Software Evolution\FSS Software Evolution\react\scripts\bench\benchmarks\pe-class-components\benchmark.js
Class Component,AdsLinksMenu120,C:\Users\Francesco\PycharmProjects\FSS Software Evolution\FSS Software Evolution\react\scripts\bench\benchmarks\pe-class-components\benchmark.js
Class Component,FluxContainer_AdsPluginizedLinksMenuContainer_121,C:\Users\Francesco\PycharmProjects\FSS Software Evolution\FSS Software Evolution\react\scripts\bench\benchmarks\pe-class-components\benchmark.js
Class Component,AdsCardLeftRightHeader122,C:\Users\Francesco\PycharmProjects\FSS Software Evolution\FSS Software Evolution\react\scripts\bench\benchmarks\pe-class-components\benchmark.js
Class Component,AdsPEIDSection123,C:\Users\Francesco\PycharmProjects\FSS Software Evolution\FSS Software Evolution\react\scripts\bench\benchmarks\pe-class-components\benchmark.js
Class Component,FluxContainer_AdsPECampaignGroupIDSectionContainer_124,C:\Users\Francesco\PycharmProjects\FSS Software Evolution\FSS Software Evolution\react\scripts\bench\benchmarks\pe-class-components\benchmark.js
Class Component,DeferredComponent125,C:\Users\Francesco\PycharmProjects\FSS Software Evolution\FSS Software Evolution\react\scripts\bench\benchmarks\pe-class-components\benchmark.js
Class Component,BootloadedComponent126,C:\Users\Francesco\PycharmProjects\FSS Software Evolution\FSS Software Evolution\react\scripts\bench\benchmarks\pe-class-components\benchmark.js
Class Component,_render127,C:\Users\Francesco\PycharmProjects\FSS Software Evolution\FSS Software Evolution\react\scripts\bench\benchmarks\pe-class-components\benchmark.js
Class Component,AdsEditorErrorsCard128,C:\Users\Francesco\PycharmProjects\FSS Software Evolution\FSS Software Evolution\react\scripts\bench\benchmarks\pe-class-components\benchmark.js
Class Component,FluxContainer_FunctionalContainer_129,C:\Users\Francesco\PycharmProjects\FSS Software Evolution\FSS Software Evolution\react\scripts\bench\benchmarks\pe-class-components\benchmark.js
Class Component,_render130,C:\Users\Francesco\PycharmProjects\FSS Software Evolution\FSS Software Evolution\react\scripts\bench\benchmarks\pe-class-components\benchmark.js
Class Component,AdsEditorMultiColumnLayout131,C:\Users\Francesco\PycharmProjects\FSS Software Evolution\FSS Software Evolution\react\scripts\bench\benchmarks\pe-class-components\benchmark.js
Class Component,AdsPECampaignGroupEditor132,C:\Users\Francesco\PycharmProjects\FSS Software Evolution\FSS Software Evolution\react\scripts\bench\benchmarks\pe-class-components\benchmark.js
Class Component,AdsPECampaignGroupEditorContainer133,C:\Users\Francesco\PycharmProjects\FSS Software Evolution\FSS Software Evolution\react\scripts\bench\benchmarks\pe-class-components\benchmark.js
Class Component,AdsPESideTrayTabContent134,C:\Users\Francesco\PycharmProjects\FSS Software Evolution\FSS Software Evolution\react\scripts\bench\benchmarks\pe-class-components\benchmark.js
Class Component,AdsPEEditorTrayTabContentContainer135,C:\Users\Francesco\PycharmProjects\FSS Software Evolution\FSS Software Evolution\react\scripts\bench\benchmarks\pe-class-components\benchmark.js
Class Component,AdsPEMultiTabDrawer136,C:\Users\Francesco\PycharmProjects\FSS Software Evolution\FSS Software Evolution\react\scripts\bench\benchmarks\pe-class-components\benchmark.js
Class Component,FluxContainer_AdsPEMultiTabDrawerContainer_137,C:\Users\Francesco\PycharmProjects\FSS Software Evolution\FSS Software Evolution\react\scripts\bench\benchmarks\pe-class-components\benchmark.js
Class Component,AdsPESimpleOrganizer138,C:\Users\Francesco\PycharmProjects\FSS Software Evolution\FSS Software Evolution\react\scripts\bench\benchmarks\pe-class-components\benchmark.js
Class Component,AdsPEOrganizerContainer139,C:\Users\Francesco\PycharmProjects\FSS Software Evolution\FSS Software Evolution\react\scripts\bench\benchmarks\pe-class-components\benchmark.js
Class Component,FixedDataTableColumnResizeHandle140,C:\Users\Francesco\PycharmProjects\FSS Software Evolution\FSS Software Evolution\react\scripts\bench\benchmarks\pe-class-components\benchmark.js
Class Component,AdsPETableHeader141,C:\Users\Francesco\PycharmProjects\FSS Software Evolution\FSS Software Evolution\react\scripts\bench\benchmarks\pe-class-components\benchmark.js
Class Component,TransitionCell142,C:\Users\Francesco\PycharmProjects\FSS Software Evolution\FSS Software Evolution\react\scripts\bench\benchmarks\pe-class-components\benchmark.js
Class Component,FixedDataTableCell143,C:\Users\Francesco\PycharmProjects\FSS Software Evolution\FSS Software Evolution\react\scripts\bench\benchmarks\pe-class-components\benchmark.js
Class Component,FixedDataTableCellGroupImpl144,C:\Users\Francesco\PycharmProjects\FSS Software Evolution\FSS Software Evolution\react\scripts\bench\benchmarks\pe-class-components\benchmark.js
Class Component,FixedDataTableCellGroup145,C:\Users\Francesco\PycharmProjects\FSS Software Evolution\FSS Software Evolution\react\scripts\bench\benchmarks\pe-class-components\benchmark.js
Class Component,FixedDataTableRowImpl146,C:\Users\Francesco\PycharmProjects\FSS Software Evolution\FSS Software Evolution\react\scripts\bench\benchmarks\pe-class-components\benchmark.js
Class Component,FixedDataTableRow147,C:\Users\Francesco\PycharmProjects\FSS Software Evolution\FSS Software Evolution\react\scripts\bench\benchmarks\pe-class-components\benchmark.js
Class Component,FixedDataTableAbstractSortableHeader148,C:\Users\Francesco\PycharmProjects\FSS Software Evolution\FSS Software Evolution\react\scripts\bench\benchmarks\pe-class-components\benchmark.js
Class Component,FixedDataTableSortableHeader149,C:\Users\Francesco\PycharmProjects\FSS Software Evolution\FSS Software Evolution\react\scripts\bench\benchmarks\pe-class-components\benchmark.js
Class Component,FixedDataTableBufferedRows150,C:\Users\Francesco\PycharmProjects\FSS Software Evolution\FSS Software Evolution\react\scripts\bench\benchmarks\pe-class-components\benchmark.js
Class Component,Scrollbar151,C:\Users\Francesco\PycharmProjects\FSS Software Evolution\FSS Software Evolution\react\scripts\bench\benchmarks\pe-class-components\benchmark.js
Class Component,HorizontalScrollbar152,C:\Users\Francesco\PycharmProjects\FSS Software Evolution\FSS Software Evolution\react\scripts\bench\benchmarks\pe-class-components\benchmark.js
Class Component,FixedDataTable153,C:\Users\Francesco\PycharmProjects\FSS Software Evolution\FSS Software Evolution\react\scripts\bench\benchmarks\pe-class-components\benchmark.js
Class Component,TransitionTable154,C:\Users\Francesco\PycharmProjects\FSS Software Evolution\FSS Software Evolution\react\scripts\bench\benchmarks\pe-class-components\benchmark.js
Class Component,AdsSelectableFixedDataTable155,C:\Users\Francesco\PycharmProjects\FSS Software Evolution\FSS Software Evolution\react\scripts\bench\benchmarks\pe-class-components\benchmark.js
Class Component,AdsDataTableKeyboardSupportDecorator156,C:\Users\Francesco\PycharmProjects\FSS Software Evolution\FSS Software Evolution\react\scripts\bench\benchmarks\pe-class-components\benchmark.js
Class Component,AdsEditableDataTableDecorator157,C:\Users\Francesco\PycharmProjects\FSS Software Evolution\FSS Software Evolution\react\scripts\bench\benchmarks\pe-class-components\benchmark.js
Class Component,AdsPEDataTableContainer158,C:\Users\Francesco\PycharmProjects\FSS Software Evolution\FSS Software Evolution\react\scripts\bench\benchmarks\pe-class-components\benchmark.js
Class Component,AdsPECampaignGroupTableContainer159,C:\Users\Francesco\PycharmProjects\FSS Software Evolution\FSS Software Evolution\react\scripts\bench\benchmarks\pe-class-components\benchmark.js
Class Component,AdsPEManageAdsPaneContainer160,C:\Users\Francesco\PycharmProjects\FSS Software Evolution\FSS Software Evolution\react\scripts\bench\benchmarks\pe-class-components\benchmark.js
Class Component,AdsPEContentContainer161,C:\Users\Francesco\PycharmProjects\FSS Software Evolution\FSS Software Evolution\react\scripts\bench\benchmarks\pe-class-components\benchmark.js
Class Component,FluxContainer_AdsPEWorkspaceContainer_162,C:\Users\Francesco\PycharmProjects\FSS Software Evolution\FSS Software Evolution\react\scripts\bench\benchmarks\pe-class-components\benchmark.js
Class Component,FluxContainer_AdsSessionExpiredDialogContainer_163,C:\Users\Francesco\PycharmProjects\FSS Software Evolution\FSS Software Evolution\react\scripts\bench\benchmarks\pe-class-components\benchmark.js
Class Component,FluxContainer_AdsPEUploadDialogLazyContainer_164,C:\Users\Francesco\PycharmProjects\FSS Software Evolution\FSS Software Evolution\react\scripts\bench\benchmarks\pe-class-components\benchmark.js
Class Component,FluxContainer_DialogContainer_165,C:\Users\Francesco\PycharmProjects\FSS Software Evolution\FSS Software Evolution\react\scripts\bench\benchmarks\pe-class-components\benchmark.js
Class Component,AdsBugReportContainer166,C:\Users\Francesco\PycharmProjects\FSS Software Evolution\FSS Software Evolution\react\scripts\bench\benchmarks\pe-class-components\benchmark.js
Class Component,AdsPEAudienceSplittingDialog167,C:\Users\Francesco\PycharmProjects\FSS Software Evolution\FSS Software Evolution\react\scripts\bench\benchmarks\pe-class-components\benchmark.js
Class Component,AdsPEAudienceSplittingDialogContainer168,C:\Users\Francesco\PycharmProjects\FSS Software Evolution\FSS Software Evolution\react\scripts\bench\benchmarks\pe-class-components\benchmark.js
Class Component,FluxContainer_AdsRuleDialogBootloadContainer_169,C:\Users\Francesco\PycharmProjects\FSS Software Evolution\FSS Software Evolution\react\scripts\bench\benchmarks\pe-class-components\benchmark.js
Class Component,FluxContainer_AdsPECFTrayContainer_170,C:\Users\Francesco\PycharmProjects\FSS Software Evolution\FSS Software Evolution\react\scripts\bench\benchmarks\pe-class-components\benchmark.js
Class Component,FluxContainer_AdsPEDeleteDraftContainer_171,C:\Users\Francesco\PycharmProjects\FSS Software Evolution\FSS Software Evolution\react\scripts\bench\benchmarks\pe-class-components\benchmark.js
Class Component,FluxContainer_AdsPEInitialDraftPublishDialogContainer_172,C:\Users\Francesco\PycharmProjects\FSS Software Evolution\FSS Software Evolution\react\scripts\bench\benchmarks\pe-class-components\benchmark.js
Class Component,FluxContainer_AdsPEReachFrequencyStatusTransitionDialogBootloadContainer_173,C:\Users\Francesco\PycharmProjects\FSS Software Evolution\FSS Software Evolution\react\scripts\bench\benchmarks\pe-class-components\benchmark.js
Class Component,FluxContainer_AdsPEPurgeArchiveDialogContainer_174,C:\Users\Francesco\PycharmProjects\FSS Software Evolution\FSS Software Evolution\react\scripts\bench\benchmarks\pe-class-components\benchmark.js
Class Component,AdsPECreateDialogContainer175,C:\Users\Francesco\PycharmProjects\FSS Software Evolution\FSS Software Evolution\react\scripts\bench\benchmarks\pe-class-components\benchmark.js
Class Component,FluxContainer_AdsPEModalStatusContainer_176,C:\Users\Francesco\PycharmProjects\FSS Software Evolution\FSS Software Evolution\react\scripts\bench\benchmarks\pe-class-components\benchmark.js
Class Component,FluxContainer_AdsBrowserExtensionErrorDialogContainer_177,C:\Users\Francesco\PycharmProjects\FSS Software Evolution\FSS Software Evolution\react\scripts\bench\benchmarks\pe-class-components\benchmark.js
Class Component,FluxContainer_AdsPESortByErrorTipContainer_178,C:\Users\Francesco\PycharmProjects\FSS Software Evolution\FSS Software Evolution\react\scripts\bench\benchmarks\pe-class-components\benchmark.js
Class Component,LeadDownloadDialogSelector179,C:\Users\Francesco\PycharmProjects\FSS Software Evolution\FSS Software Evolution\react\scripts\bench\benchmarks\pe-class-components\benchmark.js
Class Component,FluxContainer_AdsPELeadDownloadDialogContainerClass_180,C:\Users\Francesco\PycharmProjects\FSS Software Evolution\FSS Software Evolution\react\scripts\bench\benchmarks\pe-class-components\benchmark.js
Class Component,AdsPEContainer181,C:\Users\Francesco\PycharmProjects\FSS Software Evolution\FSS Software Evolution\react\scripts\bench\benchmarks\pe-class-components\benchmark.js
Class Component,Benchmark,C:\Users\Francesco\PycharmProjects\FSS Software Evolution\FSS Software Evolution\react\scripts\bench\benchmarks\pe-class-components\benchmark.js
